node,run_id,configuration,dataset,protocol,phase,round,accepted,protocol_status,case_status,known_event_lines,started_at,finished_at,duration_s,completed,failed,total_input_tokens,total_output_tokens,output_throughput,request_throughput,mean_ttft_ms,p95_ttft_ms,mean_tpot_ms,p95_tpot_ms,mean_itl_ms,p95_itl_ms,mean_e2el_ms,p95_e2el_ms,spec_decode_acceptance_rate,spec_decode_acceptance_length,study_phase,tp,dp,ep,num_speculative_tokens,spec_stats_source,draft_tokens,accepted_draft_tokens,verification_steps,acceptance_length_includes_bonus,accepted_tokens_by_position,kv_capacity_tokens_min_per_rank,kv_cache_usage_peak_pct,preemptions_delta
48,dpfix-tp2-dp2-epon-off-01,tp2-dp2-epon-off,govreport,jit_clean,measurement,1,false,PARTIAL,PARTIAL,34,2026-09-20T04:11:23.832272+00:00,2026-09-20T04:15:41.013976+00:00,231.1969903819263,128,0,1042149,131072,566.9277951390084,0.5536404249404379,7543.45910896518,17629.927498847243,45.795808242397406,60.68709387015169,45.79580860623085,28.37949087843299,54392.57094093773,79591.54561217873,,,core,2,2,on,0,,,,,,,78014,23.594452773613195,0.0
48,dpfix-tp2-dp2-epon-off-01,tp2-dp2-epon-off,govreport,jit_clean,measurement,2,false,PARTIAL,PARTIAL,20,2026-09-20T04:15:41.014717+00:00,2026-09-20T04:19:16.946716+00:00,190.5704158358276,128,0,1042149,131072,687.7877629910604,0.6716677372959574,5186.516899426351,12704.432013025493,38.10558757397049,42.79834201394645,38.10558791797463,28.34827215410769,44168.532987598155,55266.12743032165,,,core,2,2,on,0,,,,,,,78014,23.57883558220889,0.0
48,dpfix-tp2-dp2-epon-off-01,tp2-dp2-epon-off,govreport,jit_clean,measurement,3,false,PARTIAL,PARTIAL,14,2026-09-20T04:19:16.948095+00:00,2026-09-20T04:22:51.852507+00:00,189.04272365756333,128,0,1042149,131072,693.3459138973636,0.6770956190403942,5197.391250323562,11219.740281067781,37.78660592592131,42.732988036977794,37.78660643091401,28.590608015656468,43853.089112541056,54143.605145346366,,,core,2,2,on,0,,,,,,,78014,23.57571214392804,0.0
48,dpfix-tp2-dp2-epon-off-01,tp2-dp2-epon-off,govreport,jit_clean,measurement,4,true,PARTIAL,PARTIAL,0,2026-09-20T04:22:51.853914+00:00,2026-09-20T04:26:10.194801+00:00,172.68029531184584,128,0,1042149,131072,759.0443354483219,0.7412542338362519,4656.55982021417,11218.22640988975,34.26903239542102,36.96816667767819,34.2690328480809,28.39259374886751,39713.77996072988,46112.3709292151,,,core,2,2,on,0,,,,,,,78014,23.525737131434287,0.0
48,dpfix-tp2-dp2-epon-off-01,tp2-dp2-epon-off,govreport,jit_clean,measurement,5,false,PARTIAL,PARTIAL,22,2026-09-20T04:26:10.196493+00:00,2026-09-20T04:30:01.089436+00:00,205.35970984771848,128,0,1042149,131072,638.2556738962796,0.6232965565393356,5267.615390046558,11485.866586258635,41.71933535737839,59.64525141516557,41.719335804277236,28.362232539802786,47946.495460644655,72400.60787978582,,,core,2,2,on,0,,,,,,,78014,23.513243378310843,0.0
48,dpfix-tp2-dp2-epon-off-01,tp2-dp2-epon-off,govreport,jit_clean,measurement,6,false,PARTIAL,PARTIAL,14,2026-09-20T04:30:01.090823+00:00,2026-09-20T04:33:48.199526+00:00,200.84364741295576,128,0,1042149,131072,652.6071483381404,0.6373116682989652,6116.3907904337975,12636.77162528038,39.24172848073101,51.604217728454245,39.24172891915191,28.34824095480144,46260.679026221624,56114.90120533854,,,core,2,2,on,0,,,,,,,78014,23.56634182908546,0.0
48,dpfix-tp2-dp2-epon-off-01,tp2-dp2-epon-off,govreport,jit_clean,measurement,7,false,PARTIAL,PARTIAL,4,2026-09-20T04:33:48.201434+00:00,2026-09-20T04:37:07.656094+00:00,173.77290492784232,128,0,1042149,131072,754.2717896925675,0.7365935446216479,4575.932775333058,11211.273462604724,34.62034300773684,37.07318636106249,34.62034347263711,28.37071572430432,39992.54367224785,46035.54840320721,,,core,2,2,on,0,,,,,,,78014,23.591329335332333,0.0
48,dpfix-tp2-dp2-epon-off-01,tp2-dp2-epon-off,govreport,jit_clean,measurement,8,false,PARTIAL,PARTIAL,6,2026-09-20T04:37:07.658103+00:00,2026-09-20T04:40:30.535436+00:00,176.4319786094129,128,0,1042149,131072,742.9038716964608,0.725492062203575,4900.187845007167,11495.291071059182,35.00812465938597,38.07978096367101,35.008125146768435,28.54703706689179,40713.49937155901,47387.12774212472,,,core,2,2,on,0,,,,,,,78014,23.77873563218391,0.0
48,dpfix-tp2-dp2-epon-off-01,tp2-dp2-epon-off,govreport,jit_clean,measurement,9,false,PARTIAL,PARTIAL,4,2026-09-20T04:40:30.537465+00:00,2026-09-20T04:43:50.428981+00:00,174.2295173117891,128,0,1042149,131072,752.2950302700008,0.7346631154980476,4622.90065579873,11219.343318510793,34.67721428623224,37.26985111435691,34.67721474143834,28.50627698935568,40097.690870614315,46082.030831091106,,,core,2,2,on,0,,,,,,,78014,23.513243378310843,0.0
48,dpfix-tp2-dp2-epon-off-01,tp2-dp2-epon-off,govreport,jit_clean,measurement,10,false,PARTIAL,PARTIAL,4,2026-09-20T04:43:50.431007+00:00,2026-09-20T04:47:11.992901+00:00,176.01205868273973,128,0,1042149,131072,744.6762510530951,0.7272229014190382,4714.9411972859525,11217.030020011583,35.07697795163006,37.729414235272486,35.07697842366404,28.614234039559957,40598.6896418035,47216.388854989775,,,core,2,2,on,0,,,,,,,78014,23.594452773613195,0.0
48,dpfix-tp2-dp2-epon-off-01,tp2-dp2-epon-off,govreport,jit_clean,measurement,11,false,PARTIAL,PARTIAL,4,2026-09-20T04:47:11.995040+00:00,2026-09-20T04:50:38.840294+00:00,181.5626305807382,128,0,1042149,131072,721.9106684054913,0.7049908871147376,5404.577675253677,12172.710869973525,35.32322839649329,38.0548431368714,35.32322888387577,28.51598192937672,41540.24032486632,48203.36173600517,,,core,2,2,on,0,,,,,,,78014,23.563218390804597,0.0
48,dpfix-tp2-dp2-epon-off-01,tp2-dp2-epon-off,govreport,jit_clean,measurement,12,false,PARTIAL,PARTIAL,4,2026-09-20T04:50:38.842565+00:00,2026-09-20T04:54:00.310392+00:00,175.4421593407169,128,0,1042149,131072,747.0952278092522,0.7295851834074728,4808.213990538206,11496.96277254261,34.84593250079843,37.119850154350694,34.845932977754174,28.490469837561246,40455.60293885501,47787.87650130689,,,core,2,2,on,0,,,,,,,78014,23.522613693153428,0.0
48,dpfix-tp2-dp2-epon-k3-01,tp2-dp2-epon-k3,govreport,jit_clean,measurement,1,false,PARTIAL,PARTIAL,92,2026-09-20T05:01:18.064112+00:00,2026-09-20T05:05:42.367923+00:00,238.99348445609212,128,0,1042149,131072,548.4333612621165,0.5355794543575356,6986.2364326181705,27479.561400646326,49.14598092183021,86.31296117688989,145.64606514904273,631.2993120402098,57262.574915650475,108151.9829200115,65.54411376409792,1.9663234129229377,core,2,2,on,3,metrics_counter_delta_by_dp_rank;success_delta=128;no_reset,132555.0,86882.0,44185.0,false,"{""0"":{""0"":18807.0,""1"":14873.0,""2"":10861.0},""1"":{""0"":17898.0,""1"":14137.0,""2"":10306.0}}",65099,28.26770474621949,0.0
48,dpfix-tp2-dp2-epon-k3-01,tp2-dp2-epon-k3,govreport,jit_clean,measurement,2,false,PARTIAL,PARTIAL,26,2026-09-20T05:05:42.368627+00:00,2026-09-20T05:08:51.956063+00:00,163.87450006604195,128,0,1042149,131072,799.8315781111617,0.7810855254991813,3453.0827194612357,10810.744880931452,35.16057027453465,57.12661458277676,105.18770342084618,621.1892515420911,39422.34611031017,68355.62506392598,66.48693930393725,1.9946081791181174,core,2,2,on,3,metrics_counter_delta_by_dp_rank;success_delta=128;no_reset,131310.0,87304.0,43770.0,false,"{""0"":{""0"":18694.0,""1"":14805.0,""2"":10783.0},""1"":{""0"":18137.0,""1"":14356.0,""2"":10529.0}}",65099,28.29390627339422,0.0
48,dpfix-tp2-dp2-epon-k3-01,tp2-dp2-epon-k3,govreport,jit_clean,measurement,3,false,PARTIAL,PARTIAL,12,2026-09-20T05:08:51.957451+00:00,2026-09-20T05:12:01.030004+00:00,163.52126808743924,128,0,1042149,131072,801.5593416870536,0.7827727946162633,4038.678799654008,12398.011376103386,34.537644539532415,59.93629386876131,102.55096146361713,627.4783916305751,39370.68916359567,64770.1899398584,65.76039304610732,1.97281179138322,core,2,2,on,3,metrics_counter_delta_by_dp_rank;success_delta=128;no_reset,132300.0,87001.0,44100.0,false,"{""0"":{""0"":18401.0,""1"":14635.0,""2"":10703.0},""1"":{""0"":18369.0,""1"":14408.0,""2"":10485.0}}",65099,28.29016319808354,0.0
48,dpfix-tp2-dp2-epon-k3-01,tp2-dp2-epon-k3,govreport,jit_clean,measurement,4,false,PARTIAL,PARTIAL,14,2026-09-20T05:12:01.031366+00:00,2026-09-20T05:15:11.595618+00:00,164.92470693867654,128,0,1042149,131072,794.7384138674632,0.7761117322924446,4220.610252210463,11378.07882796041,34.09886556677634,58.95679591702458,101.8462607304422,626.0691629722714,39103.74972702266,67102.45171575806,66.32908312614524,1.989872493784357,core,2,2,on,3,metrics_counter_delta_by_dp_rank;success_delta=128;no_reset,131523.0,87238.0,43841.0,false,"{""0"":{""0"":18417.0,""1"":14668.0,""2"":10605.0},""1"":{""0"":18392.0,""1"":14558.0,""2"":10598.0}}",65099,28.37625393022908,0.0
48,dpfix-tp2-dp2-epon-k3-01,tp2-dp2-epon-k3,govreport,jit_clean,measurement,5,false,PARTIAL,PARTIAL,4,2026-09-20T05:15:11.597107+00:00,2026-09-20T05:17:57.009131+00:00,139.71597274392843,128,0,1042149,131072,938.1318214792011,0.9161443569132823,3375.723470446246,11675.526919635013,29.315682134629395,39.41634160044074,86.76625692010381,624.3502151221035,33365.666294172115,47717.33507961034,65.43103837982008,1.9629311513946024,core,2,2,on,3,metrics_counter_delta_by_dp_rank;success_delta=128;no_reset,132726.0,86844.0,44242.0,false,"{""0"":{""0"":17646.0,""1"":13945.0,""2"":10120.0},""1"":{""0"":19034.0,""1"":15126.0,""2"":10973.0}}",65099,28.256475520287474,0.0
48,dpfix-tp2-dp2-epon-k3-01,tp2-dp2-epon-k3,govreport,jit_clean,measurement,6,false,PARTIAL,PARTIAL,18,2026-09-20T05:17:57.010753+00:00,2026-09-20T05:21:20.659390+00:00,177.43849417567253,128,0,1042149,131072,738.6897674539127,0.7213767260292117,3912.91471713339,12352.612163545564,37.821061836225816,59.57378076402178,112.37160068107687,624.3383429944512,42603.8609755924,65388.051568111405,65.84679615175168,1.9754038845525503,core,2,2,on,3,metrics_counter_delta_by_dp_rank;success_delta=128;no_reset,132216.0,87060.0,44072.0,false,"{""0"":{""0"":18273.0,""1"":14529.0,""2"":10622.0},""1"":{""0"":18530.0,""1"":14628.0,""2"":10478.0}}",65099,28.26770474621949,0.0
48,dpfix-tp2-dp2-epon-k3-01,tp2-dp2-epon-k3,govreport,jit_clean,measurement,7,false,PARTIAL,PARTIAL,4,2026-09-20T05:21:20.660744+00:00,2026-09-20T05:24:00.799127+00:00,134.81573213543743,128,0,1042149,131072,972.230747286404,0.949444089146879,2777.935922196775,10868.467320827767,29.344340908258154,38.54958412928447,87.3724462102452,623.0195184703917,32797.196671344864,43593.362592114136,66.02619491563964,1.980785847469189,core,2,2,on,3,metrics_counter_delta_by_dp_rank;success_delta=128;no_reset,131934.0,87111.0,43978.0,false,"{""0"":{""0"":18417.0,""1"":14649.0,""2"":10703.0},""1"":{""0"":18326.0,""1"":14468.0,""2"":10548.0}}",65099,28.33508010181165,0.0
48,dpfix-tp2-dp2-epon-k3-01,tp2-dp2-epon-k3,govreport,jit_clean,measurement,8,false,PARTIAL,PARTIAL,10,2026-09-20T05:24:00.800872+00:00,2026-09-20T05:26:42.856715+00:00,134.92950548045337,128,0,1042149,131072,971.4109566568285,0.9486435123601841,2821.0880070982967,10869.483633898199,29.153939779162627,39.803443658816555,87.48587291998567,622.314486419782,32645.568401181663,44430.101802852005,66.80798728878297,2.004239618663489,core,2,2,on,3,metrics_counter_delta_by_dp_rank;success_delta=128;no_reset,130908.0,87457.0,43636.0,false,"{""0"":{""0"":18462.0,""1"":14689.0,""2"":10800.0},""1"":{""0"":18384.0,""1"":14588.0,""2"":10534.0}}",65099,28.26396167090882,0.0
48,dpfix-tp2-dp2-epon-k3-01,tp2-dp2-epon-k3,govreport,jit_clean,measurement,9,false,PARTIAL,PARTIAL,2,2026-09-20T05:26:42.858604+00:00,2026-09-20T05:29:26.733624+00:00,137.97565805260092,128,0,1042149,131072,949.9646665938059,0.9276998697205135,3090.8882563744555,10853.864410798997,28.908344885164354,38.294958781891594,85.12580676807772,621.7569403816015,32664.125073897594,44896.89613962545,64.93808281610747,1.9481424844832238,core,2,2,on,3,metrics_counter_delta_by_dp_rank;success_delta=128;no_reset,133404.0,86630.0,44468.0,false,"{""0"":{""0"":18370.0,""1"":14516.0,""2"":10558.0},""1"":{""0"":18334.0,""1"":14457.0,""2"":10395.0}}",65099,28.28267704746219,0.0
48,dpfix-tp2-dp2-epon-k3-01,tp2-dp2-epon-k3,govreport,jit_clean,measurement,10,true,PARTIAL,PARTIAL,0,2026-09-20T05:29:26.735494+00:00,2026-09-20T05:32:10.044213+00:00,137.0928398827091,128,0,1042149,131072,956.0820252329715,0.9336738527665738,3331.6107474893215,11329.758150968695,28.644032156398637,40.02453537106164,85.26789597154742,616.0775173921138,32634.455643485126,44563.937715999775,66.00057591464339,1.9800172774393017,core,2,2,on,3,metrics_counter_delta_by_dp_rank;success_delta=128;no_reset,131964.0,87097.0,43988.0,false,"{""0"":{""0"":18076.0,""1"":14302.0,""2"":10409.0},""1"":{""0"":18754.0,""1"":14816.0,""2"":10740.0}}",65099,28.331337026500968,0.0
48,dpfix-tp2-dp2-epon-k3-01,tp2-dp2-epon-k3,govreport,jit_clean,measurement,11,false,PARTIAL,PARTIAL,4,2026-09-20T05:32:10.046349+00:00,2026-09-20T05:34:56.612186+00:00,139.82409293111414,128,0,1042149,131072,937.4064029478385,0.9154359403787485,3416.0961439847597,11660.12855968438,29.21493152749758,39.900151549365994,86.7150250201607,626.7693657428026,33302.97109661478,46265.92591190709,65.71311995647838,1.9713935986943512,core,2,2,on,3,metrics_counter_delta_by_dp_rank;success_delta=128;no_reset,132348.0,86970.0,44116.0,false,"{""0"":{""0"":17847.0,""1"":14073.0,""2"":10217.0},""1"":{""0"":18950.0,""1"":15009.0,""2"":10874.0}}",65099,28.245246294355443,0.0
48,dpfix-tp2-dp2-epon-k3-01,tp2-dp2-epon-k3,govreport,jit_clean,measurement,12,true,PARTIAL,PARTIAL,0,2026-09-20T05:34:56.614514+00:00,2026-09-20T05:37:38.098689+00:00,135.52526454161853,128,0,1042149,131072,967.1407057814599,0.944473345489707,3462.2217197465943,11661.811519460753,28.080244609017065,37.54065819011814,84.58957372774822,619.4813597016037,32188.311954771052,44536.513305827975,67.1950246924941,2.0158507407748227,core,2,2,on,3,metrics_counter_delta_by_dp_rank;success_delta=128;no_reset,130404.0,87625.0,43468.0,false,"{""0"":{""0"":18242.0,""1"":14411.0,""2"":10488.0},""1"":{""0"":18809.0,""1"":14856.0,""2"":10819.0}}",65099,28.26021859559814,0.0
48,dpfix-tp2-dp2-epoff-off-01,tp2-dp2-epoff-off,govreport,jit_clean,measurement,1,false,PASS,PASS,52,2026-09-20T05:43:37.372004+00:00,2026-09-20T05:48:22.705708+00:00,259.2267931001261,128,0,1042149,131072,505.62674649673875,0.49377611962572143,9531.669835050707,21761.998138902698,50.22516475193914,62.426658425314436,50.22516508193191,27.38306666724384,60912.01337628445,84302.71865297107,,,core,2,2,off,0,,,,,,,78506,23.46824756347383,0.0
48,dpfix-tp2-dp2-epoff-off-01,tp2-dp2-epoff-off,govreport,jit_clean,measurement,2,false,PASS,PASS,8,2026-09-20T05:48:22.706288+00:00,2026-09-20T05:51:38.087913+00:00,170.09773748368025,128,0,1042149,131072,770.5687444112858,0.7525085394641463,5551.312849594979,13712.679423578084,36.10470985306773,39.12834431470817,36.10471027183714,27.122650435194373,42486.43102928327,50296.88127688132,,,core,2,2,off,0,,,,,,,78506,23.452728288534363,0.0
48,dpfix-tp2-dp2-epoff-off-01,tp2-dp2-epoff-off,govreport,jit_clean,measurement,3,false,PASS,PASS,22,2026-09-20T05:51:38.089301+00:00,2026-09-20T05:55:36.491247+00:00,212.081643586047,128,0,1042149,131072,618.0261421202194,0.6035411544142768,6426.223997703346,15490.3043277096,42.41105778773848,61.3238854771653,42.4110580294667,27.247097762301564,49812.73611455981,69159.4594489783,,,core,2,2,off,0,,,,,,,78506,23.46203985349804,0.0
48,dpfix-tp2-dp2-epoff-off-01,tp2-dp2-epoff-off,govreport,jit_clean,measurement,4,false,PASS,PASS,16,2026-09-20T05:55:36.493056+00:00,2026-09-20T05:59:15.421033+00:00,193.54770188499242,128,0,1042149,131072,677.2077308253653,0.6613356746341458,6249.674108199542,14603.73462839052,38.09511339034633,42.58380515486337,38.0951138665197,27.4841932579875,45220.97510652384,53530.72572289966,,,core,2,2,off,0,,,,,,,78506,23.340989508970146,0.0
48,dpfix-tp2-dp2-epoff-off-01,tp2-dp2-epoff-off,govreport,jit_clean,measurement,5,false,PASS,PASS,6,2026-09-20T05:59:15.423615+00:00,2026-09-20T06:02:33.615727+00:00,172.61555910296738,128,0,1042149,131072,759.3290007062103,0.7415322272521585,5474.6097801617,13595.680601615459,36.79154892698576,40.659985209488376,36.79154940731276,27.262429427355528,43112.36433246813,51663.74504677951,,,core,2,2,off,0,,,,,,,78506,23.375131913836988,0.0
48,dpfix-tp2-dp2-epoff-off-01,tp2-dp2-epoff-off,govreport,jit_clean,measurement,6,false,PASS,PASS,6,2026-09-20T06:02:33.617326+00:00,2026-09-20T06:06:03.079517+00:00,184.16900954023004,128,0,1042149,131072,711.6941136145304,0.6950137828266898,6030.811757365882,14588.749609142542,36.00927749590226,39.09228277180566,36.00927798297891,27.336359815672036,42868.3026356739,52005.45410281047,,,core,2,2,off,0,,,,,,,78506,23.4247935936433,0.0
48,dpfix-tp2-dp2-epoff-off-01,tp2-dp2-epoff-off,govreport,jit_clean,measurement,7,false,PASS,PASS,4,2026-09-20T06:06:03.081239+00:00,2026-09-20T06:09:35.429157+00:00,186.85594127327204,128,0,1042149,131072,701.4601682282639,0.685019695535414,6168.1895468063885,15139.127134392029,36.69981078924062,40.95378415235742,36.699811218529234,26.984457904472947,43712.09598419955,52522.39601556212,,,core,2,2,off,0,,,,,,,78506,23.372028058849093,0.0
48,dpfix-tp2-dp2-epoff-off-01,tp2-dp2-epoff-off,govreport,jit_clean,measurement,8,true,PASS,PASS,0,2026-09-20T06:09:35.430944+00:00,2026-09-20T06:13:01.650871+00:00,179.2631909418851,128,0,1042149,131072,731.1707401353349,0.714033925913413,5672.076423979888,14245.350193977349,35.48886380046416,38.75740987730311,35.48886431005858,27.329790173098445,41977.184091854724,50068.868177896366,,,core,2,2,off,0,,,,,,,78506,23.384443478800666,0.0
48,dpfix-tp2-dp2-epoff-off-01,tp2-dp2-epoff-off,govreport,jit_clean,measurement,9,false,PASS,PASS,2,2026-09-20T06:13:01.652512+00:00,2026-09-20T06:16:38.363807+00:00,189.88400374539196,128,0,1042149,131072,690.2740484435399,0.6740957504331444,6488.347770085966,15478.576646279544,36.6055701441102,40.31180074003289,36.60557062076722,27.129291044548154,43935.846027510706,52170.27169992215,,,core,2,2,off,0,,,,,,,78506,23.43100130361909,0.0
48,dpfix-tp2-dp2-epoff-off-01,tp2-dp2-epoff-off,govreport,jit_clean,measurement,10,false,PASS,PASS,8,2026-09-20T06:16:38.365907+00:00,2026-09-20T06:20:16.772890+00:00,191.16510119475424,128,0,1042149,131072,685.6481605733419,0.6695782818099042,6632.926566984679,15455.777381686494,36.78503612386161,40.51978490893472,36.78503655561822,27.183420676738024,44264.01852169511,52672.1387358848,,,core,2,2,off,0,,,,,,,78506,23.50549382332857,0.0
48,dpfix-tp2-dp2-epoff-off-01,tp2-dp2-epoff-off,govreport,jit_clean,measurement,11,true,PASS,PASS,0,2026-09-20T06:20:16.775050+00:00,2026-09-20T06:23:30.164038+00:00,168.06308689992875,128,0,1042149,131072,779.8976111752924,0.7616187609133714,5522.0832860140945,13594.880214240402,35.63223517678128,38.75687670405091,35.63223559961187,26.61039880476892,41973.85987186135,50070.555133372545,,,core,2,2,off,0,,,,,,,78506,23.372028058849093,0.0
48,dpfix-tp2-dp2-epoff-off-01,tp2-dp2-epoff-off,govreport,jit_clean,measurement,12,true,PASS,PASS,0,2026-09-20T06:23:30.167157+00:00,2026-09-20T06:27:06.133636+00:00,188.25385703425854,128,0,1042149,131072,696.251338829926,0.6799329480760996,6414.830801950302,15462.892185524106,36.25622847018508,39.535177828250625,36.25622891720484,27.45427959598601,43504.95252694964,52528.25814448296,,,core,2,2,off,0,,,,,,,78506,23.375131913836988,0.0
48,dpfix-tp2-dp2-epoff-k3-01,tp2-dp2-epoff-k3,govreport,jit_clean,measurement,1,false,PASS,PASS,124,2026-09-20T06:50:44.235406+00:00,2026-09-20T06:55:35.617784+00:00,265.9512971295044,128,0,1042149,131072,492.8421158862586,0.48129112879517444,8087.497348948091,22530.862518679343,54.82105959329238,109.8956196406858,162.58581464906928,779.3662375304847,64169.44131288619,135257.5770247262,65.63236093495199,1.9689708280485596,core,2,2,off,3,metrics_counter_delta_by_dp_rank;success_delta=128;no_reset,132456.0,86934.0,44152.0,false,"{""0"":{""0"":18480.0,""1"":14467.0,""2"":10338.0},""1"":{""0"":18520.0,""1"":14605.0,""2"":10524.0}}",65618,28.17037394630324,0.0
48,dpfix-tp2-dp2-epoff-k3-01,tp2-dp2-epoff-k3,govreport,jit_clean,measurement,2,false,PASS,PASS,22,2026-09-20T06:55:35.618484+00:00,2026-09-20T06:58:59.691595+00:00,177.70827061962336,128,0,1042149,131072,737.5683728336638,0.7202816140953748,4253.012778062839,14700.783685175702,38.2867806079657,65.25485909503874,113.057555969968,754.1352084837854,43420.38934001175,69519.50401570648,65.21137771363281,1.9563413314089844,core,2,2,off,3,metrics_counter_delta_by_dp_rank;success_delta=128;no_reset,133032.0,86752.0,44344.0,false,"{""0"":{""0"":18231.0,""1"":14335.0,""2"":10250.0},""1"":{""0"":18642.0,""1"":14666.0,""2"":10628.0}}",65618,28.062683352519592,0.0
48,dpfix-tp2-dp2-epoff-k3-01,tp2-dp2-epoff-k3,govreport,jit_clean,measurement,3,false,PASS,PASS,10,2026-09-20T06:58:59.693157+00:00,2026-09-20T07:01:57.720469+00:00,151.7364307269454,128,0,1042149,131072,863.8136495768,0.8435680171648438,3660.1262980839238,13692.852251976728,32.85745123624414,46.4263474147217,98.24597882601346,764.7854467853907,37273.298912761675,53999.96317606419,66.4474535504152,1.9934236065124564,core,2,2,off,3,metrics_counter_delta_by_dp_rank;success_delta=128;no_reset,131379.0,87298.0,43793.0,false,"{""0"":{""0"":18509.0,""1"":14512.0,""2"":10409.0},""1"":{""0"":18451.0,""1"":14673.0,""2"":10744.0}}",65618,28.096104571280033,0.0
48,dpfix-tp2-dp2-epoff-k3-01,tp2-dp2-epoff-k3,govreport,jit_clean,measurement,4,false,PASS,PASS,8,2026-09-20T07:01:57.721629+00:00,2026-09-20T07:04:57.833403+00:00,153.07992114685476,128,0,1042149,131072,856.2324765914805,0.8361645279213676,3777.877651315066,14344.768848363301,32.63091733577611,48.213603743192664,95.44581716682691,752.126209065318,37159.30608581402,54115.573161281645,64.26683345619169,1.9280050036857506,core,2,2,off,3,metrics_counter_delta_by_dp_rank;success_delta=128;no_reset,134301.0,86311.0,44767.0,false,"{""0"":{""0"":18411.0,""1"":14379.0,""2"":10398.0},""1"":{""0"":18407.0,""1"":14375.0,""2"":10341.0}}",65618,28.088677633777714,0.0
48,dpfix-tp2-dp2-epoff-k3-01,tp2-dp2-epoff-k3,govreport,jit_clean,measurement,5,false,PASS,PASS,2,2026-09-20T07:04:57.834915+00:00,2026-09-20T07:07:58.068698+00:00,153.24413192365319,128,0,1042149,131072,855.3149693542626,0.8352685247600221,3573.7272129408666,13690.36518461071,32.95768827874132,44.91830919359428,96.63692059698081,762.2199279256166,37289.44232209324,51146.20051295495,64.50579963276456,1.935173988982937,core,2,2,off,3,metrics_counter_delta_by_dp_rank;success_delta=128;no_reset,133974.0,86421.0,44658.0,false,"{""0"":{""0"":18323.0,""1"":14414.0,""2"":10329.0},""1"":{""0"":18478.0,""1"":14491.0,""2"":10386.0}}",65618,28.058969883768427,0.0
48,dpfix-tp2-dp2-epoff-k3-01,tp2-dp2-epoff-k3,govreport,jit_clean,measurement,6,false,PASS,PASS,4,2026-09-20T07:07:58.070335+00:00,2026-09-20T07:10:55.735027+00:00,152.058027908206,128,0,1042149,131072,861.9867152237778,0.8417839015857205,4117.532793345163,13691.570581914857,31.641573857585524,41.90380120010844,94.13751164927388,769.4992715492845,36486.862849655154,49652.043233672135,65.94718227190451,1.9784154681571353,core,2,2,off,3,metrics_counter_delta_by_dp_rank;success_delta=128;no_reset,132039.0,87076.0,44013.0,false,"{""0"":{""0"":18830.0,""1"":14692.0,""2"":10545.0},""1"":{""0"":18089.0,""1"":14435.0,""2"":10485.0}}",65618,28.036689071261467,0.0
48,dpfix-tp2-dp2-epoff-k3-01,tp2-dp2-epoff-k3,govreport,jit_clean,measurement,7,false,PASS,PASS,4,2026-09-20T07:10:55.739010+00:00,2026-09-20T07:13:51.451971+00:00,150.07529213745147,128,0,1042149,131072,873.3749448906841,0.8529052196198087,3480.5138230876764,13691.19781977497,32.30684852913741,46.56848581466834,95.01792447886487,765.0472360197454,36530.419868395256,51836.66797839105,64.79867630983934,1.94396028929518,core,2,2,off,3,metrics_counter_delta_by_dp_rank;success_delta=128;no_reset,133566.0,86549.0,44522.0,false,"{""0"":{""0"":18372.0,""1"":14290.0,""2"":10330.0},""1"":{""0"":18515.0,""1"":14578.0,""2"":10464.0}}",65618,28.088677633777714,0.0
48,dpfix-tp2-dp2-epoff-k3-01,tp2-dp2-epoff-k3,govreport,jit_clean,measurement,8,false,PASS,PASS,4,2026-09-20T07:13:51.454737+00:00,2026-09-20T07:16:52.377141+00:00,153.96745298802853,128,0,1042149,131072,851.296799786584,0.8313445310415859,3812.7216339926235,13692.223951872438,32.54233628053478,44.02643241514456,96.73606664762661,767.8634164854884,37103.5316489797,51932.7484565787,65.85622398789255,1.9756867196367764,core,2,2,off,3,metrics_counter_delta_by_dp_rank;success_delta=128;no_reset,132150.0,87029.0,44050.0,false,"{""0"":{""0"":18381.0,""1"":14470.0,""2"":10328.0},""1"":{""0"":18555.0,""1"":14634.0,""2"":10661.0}}",65618,28.092391102528868,0.0
48,dpfix-tp2-dp2-epoff-k3-01,tp2-dp2-epoff-k3,govreport,jit_clean,measurement,9,true,PASS,PASS,0,2026-09-20T07:16:52.380390+00:00,2026-09-20T07:19:52.105994+00:00,152.60816000588238,128,0,1042149,131072,858.8793678853591,0.838749382700546,3846.5590863415855,13694.158570794389,32.09129079887392,44.89507752198467,95.72341147011345,767.7818148396907,36675.949573589605,49517.348247906186,66.19968564204196,1.9859905692612587,core,2,2,off,3,metrics_counter_delta_by_dp_rank;success_delta=128;no_reset,131697.0,87183.0,43899.0,false,"{""0"":{""0"":18443.0,""1"":14561.0,""2"":10560.0},""1"":{""0"":18458.0,""1"":14601.0,""2"":10560.0}}",65618,28.02554866500798,0.0
48,dpfix-tp2-dp2-epoff-k3-01,tp2-dp2-epoff-k3,govreport,jit_clean,measurement,10,true,PASS,PASS,0,2026-09-20T07:19:52.107625+00:00,2026-09-20T07:22:51.458468+00:00,153.09569988399744,128,0,1042149,131072,856.1442293892965,0.8360783490129848,3856.4265755703673,13694.029075978324,32.283623006679264,46.318603310786834,96.19630895076483,770.7034483551979,36882.57291140326,52267.71416561678,66.10687601926651,1.9832062805779953,core,2,2,off,3,metrics_counter_delta_by_dp_rank;success_delta=128;no_reset,131835.0,87152.0,43945.0,false,"{""0"":{""0"":18551.0,""1"":14561.0,""2"":10466.0},""1"":{""0"":18443.0,""1"":14622.0,""2"":10509.0}}",65618,27.988413977496386,0.0
48,dpfix-tp2-dp2-epoff-k3-01,tp2-dp2-epoff-k3,govreport,jit_clean,measurement,11,true,PASS,PASS,0,2026-09-20T07:22:51.462071+00:00,2026-09-20T07:25:51.090369+00:00,154.09550916031003,128,0,1042149,131072,850.589356654398,0.8306536686078105,3589.013767144934,13713.264208193868,32.86647585180721,43.54923278055102,96.33711353719902,769.8669308796525,37211.4185635437,52362.78235856443,64.4953327513263,1.9348599825397892,core,2,2,off,3,metrics_counter_delta_by_dp_rank;success_delta=128;no_reset,134019.0,86436.0,44673.0,false,"{""0"":{""0"":18352.0,""1"":14453.0,""2"":10423.0},""1"":{""0"":18550.0,""1"":14411.0,""2"":10247.0}}",65618,28.12952579004048,0.0
