index,row,id,input_tokens,report_sha256
0,6645,govreport-train-00000-row6645,16203,036753b518a4b674d8117ea687b7c138e8cf137e931f8df2d31e327a04875e21
1,6069,govreport-train-00000-row6069,16048,3251c6e2c45797e560e053bbf63400a15e0ff9d5567571d081cc7226ac9e68be
2,4320,govreport-train-00000-row4320,15590,13b57d45798a958ee7337370dc98ffce5c1b0d37ddd77d0e73b729753a6c5b88
3,122,govreport-train-00000-row122,16987,2b2797f12c467c2c196720da5d328a895b20857515e66e31c117230d16c56479
4,1913,govreport-train-00000-row1913,17154,435bcf878284d199439af3496d146d6f9a9674a2427ce6cd3f5244c5c75ac841
5,1179,govreport-train-00000-row1179,15397,307fa03e865925deb0f7bdd2506c4047ba99c461f58527787a28c47cc7657cb6
6,5801,govreport-train-00000-row5801,15643,c481a3aced6a55df872bcb8888f9dddbb830da21fc31fbbc9fab4e70f684a73e
7,8264,govreport-train-00000-row8264,16232,53dec91f35473a0ddfcef567721720664072cbc34db25c8d019fe3b386b8d48e
8,7237,govreport-train-00000-row7237,15829,9daa48f9483cb2740a7a088f811df51138c556add4151d23f51a6af2265fe92a
9,6587,govreport-train-00000-row6587,16458,91e3dd58c86c310f613da32d4ca0e755acbb712967feac6ea842e1fa0c53aa2a
10,674,govreport-train-00000-row674,16415,ec58eb80518bab34acfc01d7593fbdfba07a5dbaac8dc561b539b3199e507049
11,1550,govreport-train-00000-row1550,17332,a98d6d198dbeaa4bc21d56dca8265a9e8073b73a575c47446900a01025ef43ef
12,5478,govreport-train-00000-row5478,16151,7b759077ba557c28b9becdae8b9a127dfa59fafc2bff1d2878a5bb5f3a3a5250
13,2982,govreport-train-00000-row2982,16501,42f01385af4f2c6d7d3be8b59de1c06197dab2dc19c7713c9ba2285acbc5e71c
14,6294,govreport-train-00000-row6294,16356,01209538543bc14033af2ceb690891ac04c931073fa74382b5649fe09aa7641a
15,6109,govreport-train-00000-row6109,15638,60c1a196152b25a37cee7b83150af53ae345706cab4264338ee8919466986bb4
16,4484,govreport-train-00000-row4484,16280,62001e156f22016327abcbfc49b3711858aa33cc27baa1b235211780d1f7020c
17,4090,govreport-train-00000-row4090,16238,a6c98e26bcabe59ee6512515c8deb84b437f9b63245ac545517f9ea22fca8791
18,4813,govreport-train-00000-row4813,15932,37db37f0715175ecc7893078521a2b393a88ceba0358c00c880c2e1e407b78c0
19,463,govreport-train-00000-row463,17202,18dfd9e0bae67ac1f683bc89ae7400c4b6b86fe55a5b5849b7c933b9908bf548
20,1534,govreport-train-00000-row1534,17293,67aca2f9fcdc5e18a865922deb29a7d3f3de4a855b837b1c6416d1b67b8b8744
21,5028,govreport-train-00000-row5028,16947,4018a0ad460fb1c9531173527e7fc1da00025a7456e2096b1a2e654937d1d05b
22,2699,govreport-train-00000-row2699,16553,87238497fae2647d70f53bdc9b94bfcd39df4bc5ef4483e0752724b2d3e4f22f
23,4438,govreport-train-00000-row4438,16292,3f45af4d74035b3d35dc2b36000c73756bb68a2365b4753f05b00cd1acca5ff4
24,7842,govreport-train-00000-row7842,17282,6cdd07c0ffc0e040dc1a2fb50a5bcbf9ce2debd18919228f57ef9bded42ab60e
25,3094,govreport-train-00000-row3094,16564,64bdf2300d62fb7a9198135819acc153b5ad6557f278069d96ab8c5d483c96eb
26,2346,govreport-train-00000-row2346,16304,2e8e2a0bd9930536ba9cb12b0093099dc3606bcf153105a089262f861c32f8d6
27,4711,govreport-train-00000-row4711,16667,298d973366f5117916baadaaf679951f9d5243c1d39d3d4906cea4c05bbe5241
28,8359,govreport-train-00000-row8359,15878,3e51f86684cb946f958f9c5047a9ff7b8918c49cc3e2c89dcd95d7ebdd616ef8
29,3256,govreport-train-00000-row3256,17342,fd4b58b5716a89e99bd3127396ea61671c758198cb152651b79a2db77cd5c212
30,825,govreport-train-00000-row825,16577,afcfdec2169f9e60e2aba36f218e448c17e23cf7104478acb528d8f6b84cca61
31,4459,govreport-train-00000-row4459,16560,6b0181394c4de5550d5eebc07966f6af59ad6d26d8832bb4c073bb15f3acc77b
32,7758,govreport-train-00000-row7758,16984,3cf9e2ebe894b6565d21e3ea03e7fc928a1002a0d44c89730b3764a8abc67bd9
33,2176,govreport-train-00000-row2176,16179,5e3747f1dab728b584885e5027d38db00be0da73370cfa65631c6d42fa1fdd82
34,6338,govreport-train-00000-row6338,15838,c27501b40de693a96a2e5627bdca5013c450ddd6aab6e06419bd799ed219f9f4
35,6680,govreport-train-00000-row6680,16757,f99a748da91e880c6cab9a58c54ceee6f50562b12e1be9faaed53cf71422c810
36,8335,govreport-train-00000-row8335,17326,81f60f120067c555fb9ea8b7f48801a8f836b0ca5898084c27854a0f04390d7a
37,7147,govreport-train-00000-row7147,16171,482c69c1cf956ec8a4c3cb7a276237d3ee536e2e86bd69a6cf48ca47ed2c0a35
38,7301,govreport-train-00000-row7301,15683,d02463e5e3854da84a95566eefe66257902f2b76de0b83582702150f38cc0833
39,4597,govreport-train-00000-row4597,16115,684ba8ffe13eaf395f33c21ef22b88208a09004fecc582662b3d1f259080e071
40,7941,govreport-train-00000-row7941,15566,cbf8ed1bdb3e00f81d3ba9f4aa83171d6ec68e0481fc17183856fe8a264fe8cc
41,5456,govreport-train-00000-row5456,15890,6522b74fbdcbeb61860fa14a3f1913305dc1a8e71103591479e30540305daee0
42,4672,govreport-train-00000-row4672,15858,de83d4fd5855c66d46ceb3f1cd15c974f04f35df511b03688b8408b206344e0f
43,7259,govreport-train-00000-row7259,15772,14824dd7c3ad6e5a4c245b54b8754acf3f95c7ac9d9055df388edf3d7ac7481f
44,8591,govreport-train-00000-row8591,15839,c0cc6628405a8190968882788f55f3d3c89cd5632b172ca8949fc9edf9eb30c2
45,3517,govreport-train-00000-row3517,15442,62d66a97bbf88d3a9d24a8ed62ec6871905454708d1272070c20c0151a77ad62
46,8722,govreport-train-00000-row8722,16967,00ab7431d66368db6a92b7ef67ecbbccc9006bce4a8b7dfe8a80bd828b669c66
47,6594,govreport-train-00000-row6594,15657,600f60e9e0f14631d4491dbb4206c2b73f8128bd9c0993c93e24f47d01c3f5ca
48,1341,govreport-train-00000-row1341,16769,cbf54e28a0d305637b21162673d9b096a0ace097a57d1d70fa0b7d0040f0348e
49,4483,govreport-train-00000-row4483,16242,f40967a477b9d0e0ef3b9a04bf97e6e10b85ef81730e369d9a92944a4df9bc43
50,446,govreport-train-00000-row446,15429,29e906aecd93dfad709195b53efc6a36d7f68259e32c1b422b635306a86cea54
51,4846,govreport-train-00000-row4846,16557,ddcb92549848fff58ff050f56c8cf07ba72bbc6530b9486375adff5134a53de4
52,3059,govreport-train-00000-row3059,16257,7f6a8d8dc5dbf24b9c3f81af9f6709b410c494bba16fd9d25bff668c8ed1083f
53,4109,govreport-train-00000-row4109,16083,b3724e136753db1bbcb8cf179b6fc43d19b24543a1b0999dc8cac68e8b7b68eb
54,6641,govreport-train-00000-row6641,16584,1b64e9dbe4b99c1c0f5384bd14b218f3599b7a1b690d6f5d523ba6611661b91f
55,5081,govreport-train-00000-row5081,16698,cdeeb97128ad7cf97c24988fe52cdbd3dc2fdcd5772855d17c6fded68f2b8694
56,5763,govreport-train-00000-row5763,17208,42461c17f72a54e12621f17613bee21470d2f5763abf17be6a180dca59cb2be9
57,2314,govreport-train-00000-row2314,16041,889599ca6a34e0fa5288ef28d6dbe3e2942d1e204ae4f4c55d8ebd6431237f93
58,8650,govreport-train-00000-row8650,17262,f4cda79bf170b63c1145f5f156b853d306ef4fd1c0e450fff8d786f68ee462cb
59,8126,govreport-train-00000-row8126,16662,63478eee993bae2699ea855346d0893d6276b6a84109a3c0c831f86ae8defccd
60,4162,govreport-train-00000-row4162,16006,4cf3cc3d5458f3fe8659b0afc7f05a5be88a222d0fc4c58efde764186bf086dc
61,1423,govreport-train-00000-row1423,15535,7b7c0d059e34834f9426e627897a508bb263d4f43ab65090e98bb9f98dc0b50d
62,6859,govreport-train-00000-row6859,17268,25dc635596ffef47e77219e3470640b5473f3b88a7d09d4cf8a6e22ffee78dbb
63,7882,govreport-train-00000-row7882,15868,3f60bf903f14bb4635bf6855cbef43b8645c93c0604a4b0335f331f3150f9336
64,1303,govreport-train-00000-row1303,16074,667b0c64f989f6054c6a057e1a119e9adf5dd9410d82ee36ec16ceea372a8fce
65,7255,govreport-train-00000-row7255,16644,3000cbdc75987deab92c7bf756891e16ede8099afb2987e2ae6f620aec5d7547
66,8140,govreport-train-00000-row8140,15451,3ad24f8b8cba3936b6e7c211444fcd0d12787e4ac11d8c8667d3f08018395e3c
67,4974,govreport-train-00000-row4974,17291,c3a4ac6e9c6001cc4f40a35525d1200280c5af6fe23e70330e435adb831feb3e
68,2565,govreport-train-00000-row2565,16062,3e5621ba767976600ab4600951dcbd616215adea14f759ffe2bde53fb3a15754
69,3764,govreport-train-00000-row3764,16285,64830344591f574c490b5ff5496cb35e157d49f29723ddf4ed0df668315f3914
70,600,govreport-train-00000-row600,15812,032ef545a5139e067df99da4bd790119e88de11129ddabbf7ee4e1132d346716
71,7318,govreport-train-00000-row7318,16223,28d2b903944f2db3205dec076cf68750c8615d3dd6ee306419e33e9211710711
72,5273,govreport-train-00000-row5273,16339,bd2ca050efd07665cd0961be728a6331cbda51cf1c887a43700869c0b5ffb30f
73,2008,govreport-train-00000-row2008,16541,903c05f9f58f91db425d52698f8431f4c91e786dc698cf8b8392bacaa6e55b1d
74,6671,govreport-train-00000-row6671,17158,ba3681822ee07c725e343212223c4ade0a4650f2e83b07d47733b26d9a045efd
75,6580,govreport-train-00000-row6580,17003,bdc6583263fc6059aeb152f6f27869e463e7d7487f8a409a873f67050054f9dd
76,2793,govreport-train-00000-row2793,17275,770b3ac654b3128103768616261f3a94b3269fe0305b7cf25230bf79d701ff53
77,4437,govreport-train-00000-row4437,15775,a18b17fb7eb5b5a54db0af9702d9124cab14370b0beca834536e23b694160035
78,3100,govreport-train-00000-row3100,16250,024b77d6cfed4e6a4450a30e8e25a8dd4d8382002d196b430ece102c44df0040
79,6297,govreport-train-00000-row6297,16460,8d6a67e939c39af14dd5fb2b44ddae13e66aa5283b1abeff1a3e3ce209f6f833
80,7439,govreport-train-00000-row7439,16460,85d8050be235719513293b19253a9b320c0c14f340ae1131b57919f03c87a992
81,4569,govreport-train-00000-row4569,16599,ecca4573f1fa12e52c6ed9eb7f43d0f16f7afd5459cbe96cfbe787b86123df9b
82,6698,govreport-train-00000-row6698,15657,10718fc415f267a6647b93a2f4729ac6c1fdc6d15fe3fa38779b39c1dbd620bf
83,2680,govreport-train-00000-row2680,15364,c303c9bff316c72253dcc5030ed86c63976a1cbf4a1e1e4c0b253f666c79ef1b
84,82,govreport-train-00000-row82,15781,70663f7121b8dc19b297bd4fd4b3efe438dd556f4b8ff68561dc9489c6c60758
85,4355,govreport-train-00000-row4355,16460,8b6840974ad216cdbf9447b3ce2126c27590d51f52b0a5e511dcfdd7c9147b10
86,1849,govreport-train-00000-row1849,16345,f1abd691e400b1bdbdc50cb8bbffe3c7d20fe8bf4536e2c6ee34bf3c1de86aa6
87,8223,govreport-train-00000-row8223,17186,1421d2b454f2d3c1e87caa924baeb60347db750bd2afbf9e0a16db4be1ef3657
88,1318,govreport-train-00000-row1318,16649,c3de083ba1cf6b9849ff3bc2649425666c79f1c1375de8517b3234916e375132
89,3696,govreport-train-00000-row3696,16855,b881e8a111be233ae3870776892bbe0ca91a021cf3a2cac00234f37aeef0bf3f
90,5772,govreport-train-00000-row5772,15826,6ba1f997113131e273d00c3ed351a6a84156a783c7959e46c9d490c4d1870169
91,2087,govreport-train-00000-row2087,16946,9b1330fa763b49bcc161e337e5c27a470d00e3ce9ec25f0602dea6108fbe326b
92,8328,govreport-train-00000-row8328,16593,4724a44e00073dce0fe6cf2bd4c03c243283d1b13b7c5998cccb38b7ac2d14c3
93,901,govreport-train-00000-row901,15808,4eb9014f275611d95dab1f6d78ff5cc8893a16aa228f1d5882cd83772cf1b87d
94,4815,govreport-train-00000-row4815,16645,886644dd2cb7942873dad6c9937de9512ac402e1e14fd751530fd2891d7bb1e9
95,3042,govreport-train-00000-row3042,15807,b1c75e10d719c96a186a9163772841e395ed9bdab6a90ea19b02ac2d345d4dac
96,7837,govreport-train-00000-row7837,15731,cb9ec9822682422d355ee5d5d6d2b6499680ce756cd83d2e31bcc7d55d0fdea0
97,7998,govreport-train-00000-row7998,16356,fa17805588c798a1d0c502bc8b470d4b3d689fd497e8a60a50e20bedfa2e73c9
98,5615,govreport-train-00000-row5615,16498,a363f52cf1dbe5dc42d12cd9c771dd1ff810dc7938398280133a45a6516baf42
99,271,govreport-train-00000-row271,15844,8abedb753a5b4d5ee581c4e7f319d0db277f6578994728cf8133565af787a051
100,1822,govreport-train-00000-row1822,15657,a1796f584c65b1804f8674490b95a5c8d85a081aee40277c760ae72c731f6cae
101,1501,govreport-train-00000-row1501,15668,7be64757bb28575d316454ff62953f2da5df36c56a811a483684f38d8ada4b09
102,4997,govreport-train-00000-row4997,15793,68201b05fa8b8fadac6574ac6f168b2301d4053be57feecbcc491954c9ea5631
103,5227,govreport-train-00000-row5227,16756,49f024018e0ccb255a005abc526b5ac47ce0121a2ef73e3c4235be74a344cad8
104,3357,govreport-train-00000-row3357,15538,564006bba995cb1dc758e8743bbeb48ecc2b5339456acc2cabfeffb1bbf79283
105,6801,govreport-train-00000-row6801,17135,96b6790563cc7ef4b8d4399851ae169fa0c3bdf76793e1b58a7ebb94284634ab
106,4446,govreport-train-00000-row4446,15852,0d0c4be87c16cef4d388bd6d2919c68c98168f297d6c95d3218554845280faae
107,616,govreport-train-00000-row616,15769,e2b1c3be50a6b221ea8181afd758500f4c750729cd244cb5cf227f72c7c99bce
108,8677,govreport-train-00000-row8677,17344,b7d53ca5f7ee226a7b7b16faa23c0a9a4ae31c2093b0a2582cff03622228df9b
109,6808,govreport-train-00000-row6808,16957,1e07367ebe4eba4e851470ef6ce279d7e786f75b4a203a3e5903a4fe4a680c3d
110,2872,govreport-train-00000-row2872,16133,72a0e8ae366a5222b6a08023eba70fb0e2028b3887c5d3fd9d0b68e066f1db64
111,2058,govreport-train-00000-row2058,15756,d87e899ce375c661ed8166ec78baa7d86b2ac08882df9f6415834c3c1518dc72
112,6329,govreport-train-00000-row6329,15433,fc20e8b42abbf8fee302847e3af8d29494aa53748037840643d57a6600b7b3b6
113,60,govreport-train-00000-row60,16491,03a0f1eb14123cfd369b8bf0735b2cbefe171ced37f14c433eb0f0ba542ecb7d
114,3111,govreport-train-00000-row3111,16191,6fe01725534c976e236da45045498b361523139640555b19a67b8ae029f0d1c3
115,2168,govreport-train-00000-row2168,15818,c41627f0ea192901d8e876ef75323e4db9853f754a12fae857aa94b498153b94
116,6426,govreport-train-00000-row6426,16784,4e81492ef5197807c20dbc252b96c2784648ba0fa4b27225d2279dd2c4066865
117,4843,govreport-train-00000-row4843,16763,d76b4e8deea97a86bbcdeba4899d2a6ccafcce2fe34ce5a3e019b582f1b3435c
118,1856,govreport-train-00000-row1856,17265,0f9de33f247c634fb2d50207d5fab21ec9e0e8fbbad8fa0937829472f963f70f
119,1626,govreport-train-00000-row1626,15625,f73c7a8b0d7f94150d631cd9bed4735ce5c9f46a28b846c898cf6f186e88586a
120,497,govreport-train-00000-row497,16217,661d0ab806acbd16d28a5bddc5d53143f29903877b45e45abdf2aca164c3925c
121,5400,govreport-train-00000-row5400,16704,0645c6317d150fa8b4b7187673f859214b79575369a50e5537bb856979e06688
122,2933,govreport-train-00000-row2933,16595,90a127497076fcb62c76bbf356e26c0cfe0274ad5cf373596d272a212fb3578d
123,5774,govreport-train-00000-row5774,16458,8df627c86e74fe8efd84fc1811753dbd5f259fda8f3310664925d3e303659c13
124,2462,govreport-train-00000-row2462,16705,4602fe3e202dbf9fac113b645cd45be58cb8fec835add1d54c8c911669b987d3
125,2391,govreport-train-00000-row2391,16146,324ac170f824bab2136df39b17ba27847f805f845ee4792a50d81375f072fd14
126,211,govreport-train-00000-row211,16924,e796e6bc59f3e1dfc8f17f21dfb4bcfb7544134b227776ca5c9f8b8f20061f9f
127,4844,govreport-train-00000-row4844,17098,969348b171e25a01ebc1aa7627983a349ac405284b49922e155373b6b5218f8c
128,3801,govreport-train-00000-row3801,16805,efec598319c89f958377b312250e19d29a31c88b71411f2cc95345073d992d48
129,1914,govreport-train-00000-row1914,16877,f1b2407b9c8015c53d021c5943e4f7c43dd933ceb371ee2a5f13dfdff44a3a70
130,2973,govreport-train-00000-row2973,15670,1ea9cf920a69e4871415ea861b425513b51a97fba1abfa88495ce108adf11ef7
131,5557,govreport-train-00000-row5557,17167,1e6acfb52c912c68921a107286dafb26f08e2583b88a81c1d3796ffa76237ecf
132,7169,govreport-train-00000-row7169,16422,b3daefd5dfa6fc578e21ff459553b9f5e9fb154e2305406fff5d58b7c94286e2
133,6774,govreport-train-00000-row6774,17248,25d67f151daf3bad00c024d1e17d1fba6146b4d9283a253d9b91601b856ea993
134,6078,govreport-train-00000-row6078,17266,cb7a0dfe1d4b493b93b61445ee8c6edf2aab2634be62bb5245e2512d1083ba97
135,3391,govreport-train-00000-row3391,16817,7bc8568eff40e881f942dcf6863adf9638d4b3638d87f7c80e37b7126c0b84a3
136,5170,govreport-train-00000-row5170,16531,96fcf26f45813974f7e526d99cdae4eeeba58236465ab0db5767d2566f47f878
137,6667,govreport-train-00000-row6667,16666,8012ec1c03a2092849237b5638f1afc0b5ba7c8931d7b06f7032964de9100e0a
138,6900,govreport-train-00000-row6900,17158,de4f622eda6a76d0c04c286e6c4d02cafbdc7e099168dff922aa53991815c793
139,7158,govreport-train-00000-row7158,15475,8e7d70406577d4b9b6455e10d94c0233ab8e50e7c34e50aba7079ac54ed222cb
140,7317,govreport-train-00000-row7317,15886,9e8464778382ef79da7d7f73d6abee586a7039907d85935e1bf0e2c4b4417796
141,2525,govreport-train-00000-row2525,16274,3fbb1c2731be82070624bb5641a891eb83a877e5cfc4b00874094ec9f31bd96b
142,2388,govreport-train-00000-row2388,15402,aa285701f297f4cbc80a18d00d674b7626fc2a26ff66dcadd454a9c733508d67
143,6082,govreport-train-00000-row6082,15765,e3033b9ce36f179a8f2b4b5f0972188b5af21d1936dbc8d13041df28af7992a0
144,3892,govreport-train-00000-row3892,15369,151a6e43cb35c4b61b55c415eec9f0dc5838b74673931804168e30fd9759643b
145,8135,govreport-train-00000-row8135,16253,27e61d1aeb606a873d484eca7be6dc57704948c1c2094907984fa5bd769688b6
146,5713,govreport-train-00000-row5713,17123,08f26c22f4451465afe85d8a1f01fc8a334b292605c326e91416a573bac238c2
147,2612,govreport-train-00000-row2612,17354,5e3458af209737ab3587982c5f86007761090394abda7751d3b11a9727c64277
148,1236,govreport-train-00000-row1236,17037,c74e1733931540da074adfff626764e1df32bbe4d655e6f8e1984e1037cf690a
149,3921,govreport-train-00000-row3921,16426,ece22f42dd5d717e1fe93347c8314adc8cef5f9f946a5b8679ebc6a70acbab73
150,5674,govreport-train-00000-row5674,16098,a8f9ebe8414b9fcddad9815787f6e6bac799b1da3ac140baf9083519f71b2b32
151,4607,govreport-train-00000-row4607,16342,48c3cdeb761a946ff5f2e678a338409d220bfd4bf7d51245f6529bc6619297d6
152,8620,govreport-train-00000-row8620,16010,47a328e12f330732a9d7d3e7e60a63d46fdc1b9b72e1066bc2b2376f14375b06
153,4458,govreport-train-00000-row4458,16305,9627822115e476749d4aae84bf802c98fd20a62958f5eabf436cb4a2ac28226c
154,7624,govreport-train-00000-row7624,16151,acc8bade9144dd0ad4b76761e1e4cea3c1ebb3f762afa34ba2dbed2538d22aa9
155,4541,govreport-train-00000-row4541,16736,037326f89455d7a5ddbbc686e30367ed20cbc978832cbb2a8804bafaa06ccaa3
156,2478,govreport-train-00000-row2478,15961,ba3cdba0d77d55d498d8e89a409652b252d754ae9a8a53f10929ee80ceff70a8
157,8021,govreport-train-00000-row8021,16532,3067e6355fb6d30781317fda8e7a47c2dd3249173e3c35849204603529dae798
158,4233,govreport-train-00000-row4233,16600,bb982eb7cdf03e195238b4576f0180fa3dfca3b9fbf3d8d7dcb7dff9c0c56358
159,763,govreport-train-00000-row763,15838,ad97d5d4a2ae2841825eb96fc2ee03336085687868f05efaaec9a3ac82bd0b99
160,5189,govreport-train-00000-row5189,16039,5cc55bfdc89b76a2418851c24312a33a58f025bcd3bc136a70d43044c1e72345
161,3475,govreport-train-00000-row3475,16909,3e578f24150fd7ae2d6af2e8912ccdaaa22ede0fd5f7464b4b50dcd9938160ca
162,6242,govreport-train-00000-row6242,16329,bc6a62cc6db370bd10698405c21dbb4f85b28f10a4cb0c25d98747d579773da8
163,1688,govreport-train-00000-row1688,16504,703b5e6e4c3c88d6d8c04c546f934f84ad04f1870132f5573e90aa80333e7a60
164,3583,govreport-train-00000-row3583,16748,b344b16887410789510f849c99357a606d8b9bff434d55ea681f4ab3695233fc
165,2115,govreport-train-00000-row2115,15562,59eeff8d418b433d7b8a4e8940e8e92d6e3202fb7f25190646105d1652f8bc05
166,7002,govreport-train-00000-row7002,17311,bfb7448ed2d418a5868abb9e529d04260870d3d8f1f61340ed7e76e6e882a465
167,8438,govreport-train-00000-row8438,15966,6923539146a84b16ae13a659b83801e834db1569f589e12395401e5a5c1e134b
168,785,govreport-train-00000-row785,15501,006c021ed3083bf7e38762ced804344796b7b4ad957adeedd7d22c6d0985c202
169,8350,govreport-train-00000-row8350,16497,102cb19c4b9d0c4bbecc5cf181b2a2d47bab837faf420749643dd64a2a7a617e
170,5262,govreport-train-00000-row5262,17098,be5c347bf58c15500a8bcbaa93a76e93f681992657624eed7a1cf0d667eaf029
171,246,govreport-train-00000-row246,16012,b0398d17c8500c6b24997927377e4a431042794a8a22aaaf56a9d7921ec16ad9
172,2021,govreport-train-00000-row2021,17130,6a9834a8909d7f75535b5242f8791ae2875c731844d93209a5c7e9f50d1d4711
173,8700,govreport-train-00000-row8700,16223,e0bd90a3af93b199bf5490ea307f80c0d19753ccaa3eb8702e8205b9e9c90145
174,2753,govreport-train-00000-row2753,16980,29d25d52523946479a202c06bb617b72ad6e3ae74350a63d3df8d3b119223ed8
175,6059,govreport-train-00000-row6059,16648,71b97e0fc0a7b947f23e767d75ec7970ea7fbfa18f36c455b72c552d4e23e6ff
176,4106,govreport-train-00000-row4106,16263,943783929cef3675f7d409e763e324bd6cec88a215413e1425ab05ceb9a67d24
177,3328,govreport-train-00000-row3328,15837,84183c0dd19ca3ebe9676564eb1ae1cdc997224b946c7024a6deae8118c93345
178,919,govreport-train-00000-row919,16021,abde111212ac3da3dd2ada8efabfb4613843491ab5dd5762e514a5f427922898
179,5322,govreport-train-00000-row5322,16910,2ada0d6f4cd4b64e683ae9d9493f5cf42ea41c7323cd1d75429d7b81b76a5b43
180,3949,govreport-train-00000-row3949,17260,f2a618ee5049e40dec4dd8e04c5a25f2ea2fb3c7dad4476177b770cc955288d4
181,2340,govreport-train-00000-row2340,16136,2a980774c3facc80b228ec4c76405f821a04a1b62f559eb785ee16fa6e4384f6
182,4755,govreport-train-00000-row4755,15405,6af4bc7c8d3371b5cddaa65f7f57bbf38e021818707b1712d944c32690ac090a
183,6184,govreport-train-00000-row6184,17051,4aa2e74647353dbc6e9976fdaaaa282a0ddfe0914ec4d08a47e2fe2ba3b645fc
184,1848,govreport-train-00000-row1848,15814,ba0bc5552d17ac98da31e051dd4c471687cf77eced46ac07bda367879e526f7b
185,3055,govreport-train-00000-row3055,17064,e5e8ee0be0abc6c849fd8d993b0230c85537417ec611279de18f6ccbe836f9f8
186,4679,govreport-train-00000-row4679,15549,e7d558d7c3d05cc80cb68d7f41de423142b0f1c8aa088434b422a44bdccef5af
187,7023,govreport-train-00000-row7023,16281,56463bfc453c3576b8047ea95b662a99997c81e16f41230d035e23ec19fd7791
188,4056,govreport-train-00000-row4056,15763,97f5f80e9560fe731f003e29d90a63c4f9dfc95c4181715b43a41d002308b85c
189,4692,govreport-train-00000-row4692,16589,be730a435126f522676393710cfcfe164b2e26841594bbc5f491fb76e9e0f05e
190,121,govreport-train-00000-row121,16619,b961f6b618e37c7dc0d8d0b0085c3491d9f90b881540db96140cba66a2c5dc79
191,990,govreport-train-00000-row990,15392,7148976ceaf066316cccabd17e53d106273f275fbf8a1dd050735ee2286d61ee
192,6015,govreport-train-00000-row6015,15555,231254b3939a16a09bc85b67a227fa72f97aae8da0d8d6f98b1b663335144e13
193,7355,govreport-train-00000-row7355,15842,bf2d648756b64e659e6c075b485929ab191b8ce3ccf37381e56d0c0e4675315b
194,6437,govreport-train-00000-row6437,16140,40add8bf5002575eaabc5846ba1845a34dec662ef7c00b90d2862a73b4c81292
195,710,govreport-train-00000-row710,15733,4ddf76d4f25b872a3ffa9b2e688cd12820e8477e01b1a61e7aa6a77042815e8b
196,1393,govreport-train-00000-row1393,15596,187d35ab97deb9d7d3af0119be50331d6f2c9af27055b42d9c8f0249b15ceb8e
197,3095,govreport-train-00000-row3095,16050,fbcb224f40df4b6daec489e08f0b7c5f5a1df86def507740ef5ff47c7ede8535
198,6038,govreport-train-00000-row6038,15515,d49e4ec50a213cd4798d60e8e5880b95a0e995fe4d9858dd5f3c81578d82d886
199,6564,govreport-train-00000-row6564,15838,ffe26cf95d8b8220d7129dcc080f601f705eaed9d040c2a02a17bdd458beca4f
200,949,govreport-train-00000-row949,16989,cc240ff5c9698e93675fe4665810b560fcb61316469b3443856d68c3d39fe841
201,5290,govreport-train-00000-row5290,15574,7cb6f92cbb0df5840bb7c09ded35623886d7ea1c19d37bfe7e8e6350dee8cbca
202,4534,govreport-train-00000-row4534,16019,137e8a3fe03e347df2156b5f0402fe21c0a622cbc9332783ab11d1b9efaa71cd
203,288,govreport-train-00000-row288,16457,2c508e9a2e02d21e92ad2f276cc1d808df06a9b40eacc65229d25b127474e94b
204,4461,govreport-train-00000-row4461,17400,3379e38d8716d7fae1a8a142e876455d7398bb5bc7d379f4f33e59691bbcfb3d
205,1151,govreport-train-00000-row1151,16454,2f6b70357dc59b7c08e12ef08fe7e9c1cef79e2a6ac5fc98e278d3ab2a1acf7f
206,3972,govreport-train-00000-row3972,16100,95195ab55b6beb29852973cb60b330a333d5ef69d833e2060f8c71a5e9740bdb
207,4112,govreport-train-00000-row4112,15742,152111f876d3058cc1a8d7d4169e84d25694273798214a26404375d68571295c
208,982,govreport-train-00000-row982,16789,10da8820eec2d2d51fdf5e64297c87c11997c54ad98e456b9d55df669ed3a59f
209,3345,govreport-train-00000-row3345,16887,cb14527de890d6f45ddf41f5d16720dc38aecc34e91dc4e941949636135f3be6
210,6341,govreport-train-00000-row6341,15668,3f9f9de816979993ba114e356ec14d75363689d20ab204004d7109a3db72afeb
211,4351,govreport-train-00000-row4351,15637,7ebed48deb07433a058ba4fa6019113216b4b016752eec10f6bf54953e938e05
212,2132,govreport-train-00000-row2132,16130,3bc705bb064a17cef649d09fe3052b114bcb239f339d98487b14dfafd492c63b
213,5166,govreport-train-00000-row5166,17307,25dc45c1b92b13d1c058c82a867d5dae11295bc63ec4b598f87bc46b8f180104
214,7811,govreport-train-00000-row7811,17006,7bb1973be2910115d1aa80c916020a3e10b2d616a73c1fbe6a67b471914b7944
215,2341,govreport-train-00000-row2341,17153,948781df3ad95f0371b2a3025814edce0426752f79919c3d9ba84980cb70a55a
216,4161,govreport-train-00000-row4161,15514,b9483d57993af45698f5dce74c98271e00b7aa11e01357ecb7d76e1fae639faf
217,5176,govreport-train-00000-row5176,16328,048953a4c697b0389b99199045b446ceb3ca8e89c1a4c3200ed2d07a6f6f0218
218,3515,govreport-train-00000-row3515,16913,8394437bfbd0a842c9d48273cf2d5dc5e088da47afb5c50821d60a85f0e7dc97
219,242,govreport-train-00000-row242,15961,a1dfb83df31943dfd91984bea616a5d8d39760aaf56b75795987a02b81517111
220,2827,govreport-train-00000-row2827,15996,3aa394fb8af985f82dd423294789c558eee38a255d6f7a64d3b2a3fb4f84b929
221,8327,govreport-train-00000-row8327,15684,541d8f9a0e047c9282a48d0e1c936279cbef34bedb1bb4cb0263707e40e7b309
222,5306,govreport-train-00000-row5306,16671,3b35e6b87b52bc7d597fccaeb9614f7a9de310c41552f78ee45c3fe45a06615d
223,5623,govreport-train-00000-row5623,15473,cce0bb2897c638852712da204f351435c815c2bea9ab0973df8f3e16b10b0ab7
224,8481,govreport-train-00000-row8481,17110,0fdc485e23adb93fe48ff0324ca7ce5089dbdec43a890d4679d9bd3e51343d19
225,2092,govreport-train-00000-row2092,15992,9413dd278bbe6f71caa5a833044703e0b86a9933d6e8278b0d3eb03b63216252
226,1820,govreport-train-00000-row1820,16096,7fa7bc3cbba74d37a6c5bbd14dd362180568620c731508548902e743bd32b7c9
227,3911,govreport-train-00000-row3911,16641,7d4bbe36bf65e93aa517032a038cebffddec8dc3c76eeec6e4182f5c81b72954
228,413,govreport-train-00000-row413,16109,2772d45b03708a890d12bacdedeab2d08f9ca346cb62a6511909bf5301197d57
229,1206,govreport-train-00000-row1206,16627,f169e1f87d5727cb667551a056d3712a2ef276004b875d6339b1ecefd2d29f2b
230,380,govreport-train-00000-row380,16163,90a16aed61014570872c3966da35627e635e6b01a097de9eb999ab6dc68d0892
231,8506,govreport-train-00000-row8506,15752,db0724b32d5af0c119de68906731c7b148ab8bbccad4e9fe6460f8bf31d21b85
232,5603,govreport-train-00000-row5603,16008,eed66c8eb185e59f531a57442d9636ce6d0ce8c482650eea65a88e0fbeb352ba
233,541,govreport-train-00000-row541,16823,4494a610ef0386ee578813ba92554994c82ead006bcac02009cdfac470e71ea6
234,8258,govreport-train-00000-row8258,16265,42a015ec579b9feb49766978f1f92baf84da6f692ee49eb05eafa0be5426155a
235,2564,govreport-train-00000-row2564,15619,d1431e62a4497641c63ef907b9604425deeca03cab15747aee4f05439d0a04dd
236,3172,govreport-train-00000-row3172,15583,bd03000164bdf2d222c40757f6d300224bd5bdc38e740741cbc8bf4bef938953
237,6168,govreport-train-00000-row6168,16530,b75daf12c558d549e7137eb11f7c5b6755e52195c078e8558ddcf3dd191027dd
238,3980,govreport-train-00000-row3980,15917,e279f8334766f22e1728d2020300dc76f2e0bc471ea9fa4c4f805626bd5efeee
239,294,govreport-train-00000-row294,15704,df37074ce8d4e47740a7b8c27005402bde24e5016758b352620465a4fb574683
240,7668,govreport-train-00000-row7668,16915,f02abf60ab3dd0e2d42d6befe250513d9960227a120fec92266a89e41516efb9
241,4344,govreport-train-00000-row4344,15815,e8f323369b051a17c56cab11fc30fb9728ec2e2140bb57b9cc5b4290f354511f
242,1159,govreport-train-00000-row1159,15991,4f15c92c44dc44b8636fa07e644c780042d85f97ff5837145aebaca94bda85b8
243,7343,govreport-train-00000-row7343,16693,945b8a8d7b4a65e429afe68ce74d2b2e4f0b830d2a2b4a14f94e07ace5ed1101
244,7381,govreport-train-00000-row7381,17151,2aad06929c9cbd3fdc1a2a069259afbf8101fe78580b3ea3456413905a8b90dd
245,8511,govreport-train-00000-row8511,17064,6d64d320467475e4e46c0e6c43d338895736222eb276d219427141b6e18c06e3
246,8142,govreport-train-00000-row8142,16780,b87113eac275d65e18c2f31b953535f8386708d9dc84b62ed742f9eeb5e57f65
247,5467,govreport-train-00000-row5467,15646,9e5b456641769b67e42f40b3f0c4ba71d2d95baee878546f733fb32fba03f4e1
248,1061,govreport-train-00000-row1061,16156,815ed2888d4ba591463fd4522f884a7b28896cae4446cf148bb755e1cfff6d76
249,194,govreport-train-00000-row194,15739,fab1401a8ee2c4e0036289bb6a872814b24593fddfbc2c174a3d7bc18b59f9a9
250,8739,govreport-train-00000-row8739,15633,1c9ec6eb0f5b7318878f503876ada26de4be957ed9e28beb959e8434e6be2169
251,236,govreport-train-00000-row236,16841,a09c85ecd8b93b4e83cdb4212e07e9c0ba0a42417ba14eb9a784e326a5c33b0d
252,676,govreport-train-00000-row676,16397,e40ae2bc56d86d190df249877742380581be90b87a17a53b38c207285ac0ba50
253,5508,govreport-train-00000-row5508,15938,f0ad913f82fe8e5ecfb6a8bb3b673aa511b4fcdee8f022e2c9c86fa8b7e66215
254,4768,govreport-train-00000-row4768,15445,7385f028c53becb656f6482a59bb6b22556c3c330d2527f5eea648c45a538a34
255,4366,govreport-train-00000-row4366,17408,c5922166162b1c7aa686f4ffa8a9fa68fbd42832287df090435b0fc63ad91c52
256,7612,govreport-train-00000-row7612,16897,bdf8db02d454bb5b1d88ccad7ec2888cad071ca84b59b1f549d81427690f1aba
257,6447,govreport-train-00000-row6447,17241,143dacd16e7d1c76c1548b7104de5128264e824156e9277beb059f57670d8414
258,1333,govreport-train-00000-row1333,16949,6942e1c7f6a450e709ac6b1c18aaf3ab2f8fceeadc058c0e88fb425d8c2e9266
259,8303,govreport-train-00000-row8303,15662,95d94956d44d931404b0433bb9a1d9e89283b6f33aafa044472b2748b9ab1a8d
260,7132,govreport-train-00000-row7132,15740,7f339462ed99a85becbf633d45ca96d3a336302493167a16d34012c1e5cc59f2
261,287,govreport-train-00000-row287,15742,c3bccc3f5536ecf5dc4aead4a6fea52ed404dfcd0e1135a85e4e048d8e745f79
262,8150,govreport-train-00000-row8150,17080,45b60834509ec48ae93bbe4f725a08d3ea09d50525be614f3a7e6d468ef06cc9
263,488,govreport-train-00000-row488,16166,29dcf7b20e232869eae6ad03c771a05043fa0baa533899ad87ed2b08b58c5eb8
264,8314,govreport-train-00000-row8314,16336,40a1367ac2a64372c48f897f535b4ba80cfb4c87c069165fde7f327ff41d543a
265,1691,govreport-train-00000-row1691,17125,9351fd5d7879d6e190f6bac7517c03af704960de446f18e3ac16219bd89f781d
266,8066,govreport-train-00000-row8066,17199,0114113777efe5e81091cd4a7626035cbdac642559fbca75fca11494a1aaf1d3
267,7808,govreport-train-00000-row7808,17121,0eb19bbc4ad1e610363e560807caeb621f82595b80082594b1de0b4af2929bdb
268,4820,govreport-train-00000-row4820,16130,9f9b203f922b18818d7e2578339f900a78639b0ccb0f0247070da43729dab8ba
269,7078,govreport-train-00000-row7078,17369,d6b6f17eb877df755cecfe0be38a3ae6579f68d57d5eb7412f622c57db177413
270,2083,govreport-train-00000-row2083,15721,3b3692f96baee4374c0bebde6b65fe756dbd714a1a6d7546f96d664e73f28929
271,4386,govreport-train-00000-row4386,16736,7c506c81a7a03beb6760e49ddecc8538f2adfe2de2902a503fe8b647bfb4cf82
272,2594,govreport-train-00000-row2594,16261,17c63c186c6deb171f61db2d7c815ea68004c349d2c45ae7699d29de1b27b659
273,6963,govreport-train-00000-row6963,15705,a4f0bbceeaf16aa7ac2df63134242fa2d06cb6d98b524fd63bfa6598283b3939
274,3171,govreport-train-00000-row3171,17106,d1feb0cae4e09afc0e2967064bf25997dc890a54638f1fb0d765abc5542e9d07
275,220,govreport-train-00000-row220,16560,6249a4374a2e3874dddcaf53b4c66a29879cc281b745be867c3c18f314867723
276,7645,govreport-train-00000-row7645,17078,e75ffb29e1aff2b96a4a6429217895d8c512608a6185dcba75a344ba5872f19a
277,7402,govreport-train-00000-row7402,17358,89612b7ab4eeac794a4c82cddf396bad6288d369ef1c014ff88e5bf8ef9b6fdf
278,3969,govreport-train-00000-row3969,15907,06b4e396326923a09b527360d3b36809cc584d4fa5b7abc334815f0f52ad4453
279,5483,govreport-train-00000-row5483,17112,bc893dcdd5143b76f9a53ea0435e8ea991300e7220c1b5a59acc03ea5ddc74ee
280,1311,govreport-train-00000-row1311,16587,180055b6f87e8e7f9852c1488609a2901ae50fcd3b4289cc8c7c0fc3372d862b
281,7467,govreport-train-00000-row7467,15601,efe3fa2f4ab265b8960a74f7c4fbbf727050c25ce12dff3ea4b5d546840cdd31
282,981,govreport-train-00000-row981,16330,6c30e09e132723a9ceccbb7e09d1396a3b2108c66b2027cc1fb172e5e3c0049c
283,4213,govreport-train-00000-row4213,16103,3d7c84f5cb9b4b58fe1281cf239d265ddf234d40b9c0a93b97f57adace602253
284,7600,govreport-train-00000-row7600,15375,fe10b9196e3f9ce3e9092c774540cb54be4bf11b4a983c1ffb72c7f9508e2068
285,5135,govreport-train-00000-row5135,15570,bf6a6d448f2c060c7b5d0be52819f1c9ed04f5e73fb57d86eaf63aeec0608c66
286,3184,govreport-train-00000-row3184,16072,ac517f8184b5e0f94dd4a9fa626ee824be26e1cfbec2b977d01c9e54a962ca77
287,4800,govreport-train-00000-row4800,15494,d6ff8288a96ef163be3341baa5a9994f76ec0b85428b6b4253bf24a09f56ad06
288,2568,govreport-train-00000-row2568,16593,a0db8636b2b0889b8d5b14aef90e4335bfcdf08e70e53ccd6965828e7e853128
289,2828,govreport-train-00000-row2828,15385,8cb6f09afcd28ed14c0627af6ab38659f5267ffc0db70e6123ae19772d837479
290,5832,govreport-train-00000-row5832,16671,db7208f640f42911809c86c379eb32c64dac55ed1cef93bbfbec6922986d6ba3
291,3220,govreport-train-00000-row3220,16852,2aa5b2cbdc74d3a5a53e4899dd363abd2ff57bd11d3e4a6f6b54dbdebd2dff89
292,5839,govreport-train-00000-row5839,15632,21948ac44721fbcc3ec1dc665daa338653d00babfb32187e2e8eb6fbeab34e1a
293,4503,govreport-train-00000-row4503,17092,f0d40e7943c66a65fd9d9b052119863bd88d84eceb80542c72f977e69a03617d
294,7644,govreport-train-00000-row7644,17138,e674c94e0b4f21d29e20e2c447c9e623607572f0dbc8cdd300ed7c2564550414
295,7266,govreport-train-00000-row7266,15855,be9303ff7d902b04c72143153b6ddcd3c1fec4caaaf871994ffe4bfd2d6af660
296,419,govreport-train-00000-row419,16145,1dc604033e470ececf87df5135a65134d6c10685c3c1cb40d4980d771081ca06
297,1772,govreport-train-00000-row1772,16170,dca70197744bde881756d792243421cceef9a42d8047f3674c6322bd93e516c3
298,1458,govreport-train-00000-row1458,17347,8f048204f460fabe4c091cf9c2bb8c3fc119cfe4cd93c7f4f2bb526f2c5e09be
299,1000,govreport-train-00000-row1000,17351,9610b30e7d832141817ab38d0fa2f591064d7ea5db1b1b48d53cc10d533a0521
300,807,govreport-train-00000-row807,17289,651a8a7971279146bb1b6945ae917e1cec6d37995949a3414eb47504e69ee9db
301,5433,govreport-train-00000-row5433,17240,11bd869a62151142b6fc938bb5a5bd7a3bbc17e7dff243fd7b6397645b4ca306
302,7809,govreport-train-00000-row7809,16008,891b515b016af0c7243ac112fd6501e3f3b035e5f6941e9cbe48cb82701ba562
303,353,govreport-train-00000-row353,16230,823e2bed5b8dedf5e00e2efd4e114b640308f17552fa9595274c1ea78b9c6812
304,2206,govreport-train-00000-row2206,16240,5ee6454b23362374d1c161cd0c399d1c8148adb4c00e64c9cdca589887050524
305,2220,govreport-train-00000-row2220,15941,42b258c19d1f51c119c2a9466f3cbb66ed183966e7ae2d93b92d1684e0905e5a
306,2196,govreport-train-00000-row2196,17222,01a1b0cf9288b005d439886a80bbddad172c0a227af9c39d468b0e4f31a6a11a
307,3381,govreport-train-00000-row3381,16374,d4242a8ab814d8d3345d6738287f59b6a26b7d2518171e88a35350dc960fac7d
308,2909,govreport-train-00000-row2909,15778,8f31eca0dceffbf4ac591a85e039db62501347a78a4d294ee48849db157ec744
309,6534,govreport-train-00000-row6534,17261,5d68ff4ac2a454a9618941eba0dd36426944451f4706d24523793e1ff64d3ccd
310,3879,govreport-train-00000-row3879,15377,f8d34e6ab41ce7a8243f9c3d0781005068ec802a0c6f00d7378ad6a5bcb8307d
311,8755,govreport-train-00000-row8755,16836,1cb302b6446fdf0d107261a1c1d42e69ef2ac22e43fa54b2203357721571663d
312,6679,govreport-train-00000-row6679,16904,db049cdb00f321bc22a33a81cfb91e30599eb3f4802e34d06e2711871ff4aa20
313,7293,govreport-train-00000-row7293,16091,1ce80a3df4e24afd2d5411450a5edb03cc226de8e97d19be348443d0c4cba9c1
314,5051,govreport-train-00000-row5051,17039,d76a4df2e002e8138aba4b6cfe3601ce99bbb45580cbbe6642c6b31108e8ee8e
315,3363,govreport-train-00000-row3363,17381,bc282958c0fb1704144e552743c48bc6af931aad8e9584c27b8636af6f1dc5da
316,6597,govreport-train-00000-row6597,16962,55599dc0da20614f9986e22215285cccef776019924f5b7bbc6db985bfdde55b
317,7112,govreport-train-00000-row7112,16073,1565975c8b7461810f31917e535b28aaccb1daffa4e725fef3d1ab9e03d4cc71
318,8300,govreport-train-00000-row8300,16460,85b7712382d384e77d755ffa921263208ae59fe9333d25a8857865f37efcfae4
319,7877,govreport-train-00000-row7877,15986,d4b15a9f60d287011d6152bd2ed664fbe7812e2ed60ab870d9c68bcd99244265
320,6096,govreport-train-00000-row6096,16682,2fd1104f6aadf0ab45a104f46b3e6739bbc59e6670f2f6cf8cbd6d6c68b0a80e
321,7589,govreport-train-00000-row7589,15857,9bae5c9edd229be45bb5a46afbe6c64ebc186233854281829ea921b671967b84
322,7804,govreport-train-00000-row7804,17228,2adbbe437afb665501fbed24a5aed993a7884d7fd4dc5bf220bcca9dc54576a0
323,1379,govreport-train-00000-row1379,16111,03d7d81f0c927ef8e954d86d4e5e77d299f88148b60dcec7e0cbd71b19bd51ac
324,3388,govreport-train-00000-row3388,16967,c89eee03f8e657452ef0f8970acbd597dc1e9db0c97148a32e8f5b518dd169cd
325,7843,govreport-train-00000-row7843,16839,0be6528a2604d8d30f10005d94a7d43d4f5b25dc279663cb06aed41f9e4fca32
326,3552,govreport-train-00000-row3552,17184,2a9696f0693b38f65e3346c6d494d17f6e6fd9f723b9891053c9dce2c22e8722
327,1189,govreport-train-00000-row1189,16903,00cd4ac74b76b772f8901cf53c3f9ee2dc6ee0108f1ccd6d04f0eedbcc0ba7d4
328,5487,govreport-train-00000-row5487,15861,14ad20becf29511657c1c68fb84a0bef9b058d5c3c70ca765332ca99d51fb7ce
329,5725,govreport-train-00000-row5725,17015,076f2c4f9fe84e3f8c205fd72e8ce9e9c9f46805f299bd8f1738688678732031
330,3882,govreport-train-00000-row3882,16299,ba0423c6b0c0afe65e93ba6605ff8a038537a53ff7bec599605c786db5d9a570
331,959,govreport-train-00000-row959,15884,d528f650600284fa83f7601ddfa1c5c3e86724c9fd95a7c00ac620e89d187641
332,1018,govreport-train-00000-row1018,15399,19beb1f9770d4c6d913b5d63592fe78c3abb8f451a1b56c50488677232c83d7f
333,5115,govreport-train-00000-row5115,17076,482ddefec2ae4d1698d51ccc8d24fb5fe676da32c067240c093456af9b1617f2
334,6153,govreport-train-00000-row6153,16594,3b151a7d9e76469c11c9e3576ed81cc062c6f432cda69688d445f4c411268725
335,1685,govreport-train-00000-row1685,16653,51c85f9ece97f0b61c080c50becb76d50fc1971591de1709e1dec7e1b9013128
336,2895,govreport-train-00000-row2895,16159,c29aa9a213c2cf22af6407c4f84122208632ee3e9111ebfc4446eca6fe06a6b0
337,2606,govreport-train-00000-row2606,16149,bb6779331bfdcbd9664e70b0d3495e8b59d717a4a7aefcfd3d27106e71e5140f
338,6418,govreport-train-00000-row6418,15793,a51412df1fa636b91ff1bcd975e745212d5b1a2cc6e87d23fab85ee27549870f
339,2262,govreport-train-00000-row2262,16790,667dd751d8942fbccb1cea6bfca0068b2832237a086a38ccd0f053666a88045f
340,759,govreport-train-00000-row759,15377,774eb4a0cafec0944ba25b8109fe8a2f25a13ce64c8663d74ac509ab1bfb5c6c
341,3915,govreport-train-00000-row3915,16104,b789814b9842eacdd36268c1f9bb80f1a5f82ff01fa73971d33233db52801967
342,2910,govreport-train-00000-row2910,16136,7e49b7b3231199609f1c730c60fe6001d241acb09a3d3d31359c9c6e080e7060
343,3960,govreport-train-00000-row3960,16795,7362cd9966a874bc1b09dc0a5e2d39624bc6f4fed629969288821d3279c63409
344,5548,govreport-train-00000-row5548,15719,8f96c375deeb641376148062d56b0e0946c1105e5be1392ab3aefbfe51ced662
345,6820,govreport-train-00000-row6820,15833,551210f4487b5ba6eebb0978110cb047c8a6b1c469f65d3ed167977d2155c615
346,13,govreport-train-00000-row13,16364,dea1aeee29509e2098a4fff5316f9e367b8d0b0fd049d54b048ddeea05ce6bba
347,7060,govreport-train-00000-row7060,17121,4ea4c7d2d766544a6ba303b1cffc8504baae814cb7f69fb4f766a7dda29d8f5b
348,7509,govreport-train-00000-row7509,17053,992476699903c5f903e7231925a0837fe8914fe6449f4792c4c9518a0c323c1d
349,4581,govreport-train-00000-row4581,15800,d7b94ba23fe2a63063094fade92e85e32e179d88e0fa1f072a9423d138c6505e
350,1035,govreport-train-00000-row1035,15530,f8b76137b4640f3c4e8ee3f1f2dff9e6d527803caba666fe1124fa372c4eb8b2
351,217,govreport-train-00000-row217,15632,8f16b6fffe3b16f5a7615465cb5756b2518ecdb694e0b7440006871dfc76bb6b
352,6177,govreport-train-00000-row6177,17269,12e646485ae30d351b87553bf2c6c470147df8f543dd97db877b116ab98fc43f
353,724,govreport-train-00000-row724,15786,d50484e986e3b0d1c4e698e2dc82c4dbdaefc85d491a5703666572dea188e1d3
354,3080,govreport-train-00000-row3080,15379,dac080674a2b8f86ddd58999d5bd461c1d197a7c9011a970a13ff7f4997fc6eb
355,5831,govreport-train-00000-row5831,15944,72c2f27c3b154b823beaa6734d28f94cb22773022439077d778042b159cef2ce
356,5039,govreport-train-00000-row5039,15515,768be5ef7ccffcf4371e5edce83ce9d67ba11f32e1778a1e21852c2d2813421d
357,8525,govreport-train-00000-row8525,17215,ba42308a9ddcc4e54d26dca40ac04c9c2924c5970a691a92cae6ce3082995f10
358,6232,govreport-train-00000-row6232,15749,dbe39f09cbf113b9d7d2d7944c32c36bd18302c4382545cff5bdbb6df04c21d1
359,2454,govreport-train-00000-row2454,15936,9f9d82d703d31660a7c5c03af22965c46890c6a9c7e68649aa4808e0fbabd1d2
360,7211,govreport-train-00000-row7211,16361,0922f905c65429d4a76433c7873f55b165f04181c1123ab2a475a1b9e16f0b43
361,6819,govreport-train-00000-row6819,16180,952f3a37cc90904ad74cf62f41c1f065086f0bcf0f166c0c77ac7e9aba2c7997
362,3830,govreport-train-00000-row3830,16426,ef4c2eed6dbcb66a1dfbbd4750091d04cef13fc98ca48da6d96342dd5e66089a
363,4961,govreport-train-00000-row4961,16284,4b1ca749c70330095e7d65735bd0be8b3e9c6cdbcbcac17b5cad49cdb041d8ea
364,4163,govreport-train-00000-row4163,16424,530efafadb72ed5357afec26c62473ab35514120be6888047716cdd26e27489b
365,1125,govreport-train-00000-row1125,15938,fbe671b86eba42f3214e1693e929f023f67dac74d12453cb847814cfdacece32
366,6325,govreport-train-00000-row6325,15610,dcee5288b8aa26f8975b6ff889b2bbbff6c4027f48b55004886622c65d385c68
367,5371,govreport-train-00000-row5371,17112,f46425caf28dcc12711b5ad9b0df642825156c78b729bc0115d980de4ed5d220
368,3955,govreport-train-00000-row3955,16325,0643c52ae40386da2aebd8a36bb6fb828171496ceb53fe5a1d7e71fab3f6dedf
369,7756,govreport-train-00000-row7756,16465,7029af99acbc9e9e9970972ffe3418bcb12a54bce2e754dcaea81463739ad806
370,828,govreport-train-00000-row828,16909,5a954e42ac2e2d90cc0cf279003fd1cbc55790bd16eafd97469b01476c3116de
371,1084,govreport-train-00000-row1084,15567,8103dc0026889dfa3da0aa1b3d9a1af3ac331f157939432792f299ce012838bb
372,3719,govreport-train-00000-row3719,17002,6525d93a2b0a285157aede3d315ed1301746e2033a3b46cd28d3b5ce3eaf3f5c
373,1721,govreport-train-00000-row1721,15833,da8d23f738ada46e58c4a1eba67697b9b96c04b9ed47cbb98eba7c7f8b237090
374,6727,govreport-train-00000-row6727,16097,c0a2641be819f3105681ac698c5ef4fbc9dfb9f754962d105d28300fbf7f420f
375,7895,govreport-train-00000-row7895,17290,9db51a642a59b08a53130dc6c85fa3139c3fe12386b167f1826c3e362393b801
376,6067,govreport-train-00000-row6067,16273,5c32d7a3abac4e63ce635f22757382c84f2cd9986529e1fd0c8b4dfa2f48b64c
377,2990,govreport-train-00000-row2990,15551,55b807d56b5aa3c7dac5da9d3e345d87900376bb1c60305ca13cd21c1252c6d4
378,6914,govreport-train-00000-row6914,16588,f6b04152ead4b89dadbfb1e14286824ecfe374cfd215fb77ec77edc8da604197
379,1049,govreport-train-00000-row1049,16152,843680c3f283383a9ad3bc34611069f0766c79044c010211027f0704f06bacac
380,8407,govreport-train-00000-row8407,16241,4cc946c95c56c1b9a2f0dd84860ab4a27f42a2aad9aba2d217067647ff59e253
381,3330,govreport-train-00000-row3330,15732,1c3584edf6f52f040f7dc42d144f7418dc3acf9a1c7921668beb5f6526960d94
382,1646,govreport-train-00000-row1646,15381,1b7b419aba1317173bbd0fa69a91c54590bb6b0cf744cb5e7bf2a64bf5c9b192
383,5712,govreport-train-00000-row5712,15743,0dfbdf0b0feb35576bac10467de070c9c32533cc5fe5422dfc534f0a539ef46b
384,2579,govreport-train-00000-row2579,15406,dd9cd5bd98ad6a4a5e8a6899443a31deec42d1d25213de054376d8fc4c01f184
385,6590,govreport-train-00000-row6590,15801,d80e4018fb91ef548111944b159beb7aac4f0a611e531ef42b7c4a88f44b9990
386,4221,govreport-train-00000-row4221,16399,d8926170b8a9a2ee9b529a3c59e31cb66565991a29d7ac92f7a2fed4dc7394fc
387,5446,govreport-train-00000-row5446,15424,4385604538f4fb2ad20ff9d236002260f4d15cb65add51d10ed1cf312b3bad16
388,3560,govreport-train-00000-row3560,15508,43b082540e457568abd8eaba5f1f06e243f652a3b1074975d50899f5a6777b62
389,4649,govreport-train-00000-row4649,16396,28399d226c0fb7dc68b9defc392f01d905b7787ad47abcaa6ba20c999555c21b
390,5480,govreport-train-00000-row5480,16226,33eae816ec1a7841719bf9b6d86ceb010317333a7485b2bb31560e0c1600f006
391,5745,govreport-train-00000-row5745,15420,c341b1df4b617edfc8b516107507d0fa94aea81c4dd574079a6ea90f8afe1535
392,3075,govreport-train-00000-row3075,16759,ab08832b96118088e43d86532274a58e972832e46224a91f32d5cf53595eab01
393,432,govreport-train-00000-row432,16732,7cb6d89807c835cd0e98b3916a6853c55fd2c0066f6279e6029b108a4bf0cfde
394,4801,govreport-train-00000-row4801,17281,01bb5266c4ea7e1ad80188659ee43ae586f6e572f3c7d58607b371be61bcd7c4
395,8562,govreport-train-00000-row8562,15884,c749de86fd104f464b7b385df8a62c6286d6bf2df3c00807b40050307e8e0df9
396,4468,govreport-train-00000-row4468,15637,d62141e6b35ca979d219d974dce243f5073dac0238b32a1ea509e8c562f2bb8d
