sample_id,node,configuration,workload,purpose,scope,gpu_group,deployment_count,tp,pp,dp,ep,global_capacity,prefill_tokens_per_rank,prefill_tokens_service,global_concurrency,concurrency,repetition,successful_requests,failed_requests,duration_s,output_tokens_per_s,requests_per_s,actual_input_tokens,actual_output_tokens,mean_ttft_ms,p95_ttft_ms,mean_tpot_ms,p95_tpot_ms,mean_itl_ms,p95_itl_ms,mean_e2el_ms,p95_e2el_ms,output_tokens_per_s_common_window,start_skew_s,overlap_s,runner_gate,resource_status
gpu-6000d-46-dual-tp4-dsv4-node8-8192-1024-c32-c32-r01-node,gpu-6000d-46,dual-tp4,dsv4-node8-8192-1024-c32,performance,node,"0,1,2,3,4,5,6,7",2,4,1,1,off,64,8192,16384,32,32,1,128,0,119.40495319804177,1097.70990641073,1.0719823304792284,1048576,131072,4659.788459204719,10747.184614581056,24.433577450486666,27.69444158197429,24.433577778175028,18.43934750650078,29655.33819105258,36540.98746581003,1097.70990641073,0.0005722641944885254,118.04859142703936,PASS,accepted-background
gpu-6000d-46-dual-tp4-dsv4-node8-8192-1024-c32-c32-r01-replica-0,gpu-6000d-46,dual-tp4,dsv4-node8-8192-1024-c32,performance,replica-0,"0,1,2,3",2,4,1,1,off,64,8192,16384,32,16,1,64,0,119.40495319804177,548.854953205365,0.5359911652396142,524288,65536,4669.206487174961,10643.609818955878,24.59006271941154,27.730163360330458,24.590063046225083,18.553485488519073,29824.840649132966,36619.89458668977,548.854953205365,0.0005722641944885254,118.04859142703936,PASS,accepted-background
gpu-6000d-46-dual-tp4-dsv4-node8-8192-1024-c32-c32-r01-replica-1,gpu-6000d-46,dual-tp4,dsv4-node8-8192-1024-c32,performance,replica-1,"4,5,6,7",2,4,1,1,off,64,8192,16384,32,16,1,64,0,118.04859142703936,555.1612196957464,0.5421496286091273,524288,65536,4650.370431234478,10613.54345681611,24.277092181561795,27.566889725795754,24.277092510124977,18.0218652356416,29485.83573297219,36066.44869714509,548.854953205365,0.0005722641944885254,118.04859142703936,PASS,accepted-background
gpu-6000d-46-dual-tp4-dsv4-node8-8192-1024-c32-c32-r02-node,gpu-6000d-46,dual-tp4,dsv4-node8-8192-1024-c32,performance,node,"0,1,2,3,4,5,6,7",2,4,1,1,off,64,8192,16384,32,32,2,128,0,119.6684714090079,1095.2926736401323,1.0696217516016917,1048576,131072,4728.558286638872,10746.154167712666,24.368505192088307,27.6830500515928,24.36850552570483,18.37196743581444,29657.539098145207,36363.44421308022,1095.2926736401323,0.0007687690667808056,117.79921711282805,PASS,accepted-background
gpu-6000d-46-dual-tp4-dsv4-node8-8192-1024-c32-c32-r02-replica-0,gpu-6000d-46,dual-tp4,dsv4-node8-8192-1024-c32,performance,replica-0,"0,1,2,3",2,4,1,1,off,64,8192,16384,32,16,2,64,0,117.79998588189483,556.3328340778053,0.5432937832791067,524288,65536,4663.858022780914,10647.492398275059,24.20373260537473,27.14204765104744,24.203732943255126,18.384994566440582,29424.276478079264,36643.82413704879,547.6463368200662,0.0007687690667808056,117.79921711282805,PASS,accepted-background
gpu-6000d-46-dual-tp4-dsv4-node8-8192-1024-c32-c32-r02-replica-1,gpu-6000d-46,dual-tp4,dsv4-node8-8192-1024-c32,performance,replica-1,"4,5,6,7",2,4,1,1,off,64,8192,16384,32,16,2,64,0,119.66770263994113,547.6498550088004,0.5348143115320316,524288,65536,4793.25855049683,10601.664605084803,24.533277778801875,27.760420922159906,24.533278108154537,18.355188821442425,29890.80171821115,35689.622778166085,547.6463368200662,0.0007687690667808056,117.79921711282805,PASS,accepted-background
gpu-6000d-46-dual-tp4-dsv4-node8-8192-1024-c32-c32-r03-node,gpu-6000d-46,dual-tp4,dsv4-node8-8192-1024-c32,performance,node,"0,1,2,3,4,5,6,7",2,4,1,1,off,64,8192,16384,32,32,3,128,0,119.4144804701209,1097.6223275768969,1.0718968042743133,1048576,131072,4727.420483253809,10726.226822589524,24.403378907918132,27.647085872957646,24.403379385471307,18.26197023037821,29692.077106054057,36588.46605941653,1097.6223275768969,7.966812700033188e-05,118.33498045289889,PASS,accepted-background
gpu-6000d-46-dual-tp4-dsv4-node8-8192-1024-c32-c32-r03-replica-0,gpu-6000d-46,dual-tp4,dsv4-node8-8192-1024-c32,performance,replica-0,"0,1,2,3",2,4,1,1,off,64,8192,16384,32,16,3,64,0,118.33498045289889,553.8176433475259,0.5408375423315682,524288,65536,4661.56134945777,10621.4492655592,24.335464533982112,27.565038581387856,24.335465125411496,18.26558851171285,29556.741567721474,37103.970329626456,548.8111637884484,7.966812700033188e-05,118.33498045289889,PASS,accepted-background
gpu-6000d-46-dual-tp4-dsv4-node8-8192-1024-c32-c32-r03-replica-1,gpu-6000d-46,dual-tp4,dsv4-node8-8192-1024-c32,performance,replica-1,"4,5,6,7",2,4,1,1,off,64,8192,16384,32,16,3,64,0,119.4144804701209,548.8111637884484,0.5359484021371567,524288,65536,4793.279617049848,10596.72755762003,24.471293281854148,27.60236536977468,24.471293645531116,18.25842505786568,29827.41264438664,35787.01388554182,548.8111637884484,7.966812700033188e-05,118.33498045289889,PASS,accepted-background
gpu-6000d-46-dual-tp4-dsv4-node8-8192-1024-c64-c64-r01-node,gpu-6000d-46,dual-tp4,dsv4-node8-8192-1024-c64,performance,node,"0,1,2,3,4,5,6,7",2,4,1,1,off,64,8192,16384,64,64,1,256,0,182.67076909914613,1435.0626610528973,1.40142837993447,2097152,262144,6305.00182447031,20634.38340695575,38.35857272997734,42.17785378127839,38.35857326225667,22.90147840976715,45545.821727237126,61817.06830242183,1435.0626610528973,2.3095402866601944e-05,182.19397953385487,PASS,accepted-background
gpu-6000d-46-dual-tp4-dsv4-node8-8192-1024-c64-c64-r01-replica-0,gpu-6000d-46,dual-tp4,dsv4-node8-8192-1024-c64,performance,replica-0,"0,1,2,3",2,4,1,1,off,64,8192,16384,64,32,1,128,0,182.67076909914613,717.5313305264486,0.700714189967235,1048576,131072,6397.9830609496275,20420.061048003838,38.325628883380524,42.043170856766196,38.32562947809937,22.72938173264265,45605.1014086479,62163.567134388715,717.5313305264486,2.3095402866601944e-05,182.19397953385487,PASS,accepted-background
gpu-6000d-46-dual-tp4-dsv4-node8-8192-1024-c64-c64-r01-replica-1,gpu-6000d-46,dual-tp4,dsv4-node8-8192-1024-c64,performance,replica-1,"4,5,6,7",2,4,1,1,off,64,8192,16384,64,32,1,128,0,182.19397953385487,719.4090624473379,0.7025479125462284,1048576,131072,6212.020587990992,20351.513885054734,38.391516576574155,42.19642859937774,38.391517046413966,23.212933004833758,45486.542045826354,61242.64603885821,717.5313305264486,2.3095402866601944e-05,182.19397953385487,PASS,accepted-background
gpu-6000d-46-dual-tp4-dsv4-node8-8192-1024-c64-c64-r02-node,gpu-6000d-46,dual-tp4,dsv4-node8-8192-1024-c64,performance,node,"0,1,2,3,4,5,6,7",2,4,1,1,off,64,8192,16384,64,64,2,256,0,184.51624868391082,1420.7095682346703,1.3874116877291702,2097152,262144,6303.675190838476,20626.6472034622,38.74243013808354,42.4189700048375,38.74243055008553,23.013930674642324,45937.181222097934,62633.255757857114,1420.7095682346703,0.0005399100482463837,183.48747865203768,PASS,accepted-background
gpu-6000d-46-dual-tp4-dsv4-node8-8192-1024-c64-c64-r02-replica-0,gpu-6000d-46,dual-tp4,dsv4-node8-8192-1024-c64,performance,replica-0,"0,1,2,3",2,4,1,1,off,64,8192,16384,64,32,2,128,0,183.48801856208593,714.3354701149046,0.6975932325340866,1048576,131072,6397.647380053968,20427.171088149767,38.525218381573325,42.18641338336899,38.52521884654827,22.795708174817264,45808.94578440348,62573.72550135478,710.3547841173352,0.0005399100482463837,183.48747865203768,PASS,accepted-background
gpu-6000d-46-dual-tp4-dsv4-node8-8192-1024-c64-c64-r02-replica-1,gpu-6000d-46,dual-tp4,dsv4-node8-8192-1024-c64,performance,replica-1,"4,5,6,7",2,4,1,1,off,64,8192,16384,64,32,2,128,0,184.51570877386257,710.3568626812055,0.6937078737121147,1048576,131072,6209.703001622984,20339.334935671643,38.95964189459375,42.54785082029872,38.95964225362278,23.268619435839355,46065.41665979239,62298.779682349406,710.3547841173352,0.0005399100482463837,183.48747865203768,PASS,accepted-background
gpu-6000d-46-dual-tp4-dsv4-node8-8192-1024-c64-c64-r03-node,gpu-6000d-46,dual-tp4,dsv4-node8-8192-1024-c64,performance,node,"0,1,2,3,4,5,6,7",2,4,1,1,off,64,8192,16384,64,64,3,256,0,183.42365502705798,1429.1722622217374,1.3956760373259154,2097152,262144,6301.523435227864,20628.620372503065,38.429648982066254,42.076302523304136,38.42964942170158,22.82220022752881,45615.05434388164,62013.06174672209,1429.1722622217374,5.8803241699934006e-05,181.9939306867309,PASS,accepted-background
gpu-6000d-46-dual-tp4-dsv4-node8-8192-1024-c64-c64-r03-replica-0,gpu-6000d-46,dual-tp4,dsv4-node8-8192-1024-c64,performance,replica-0,"0,1,2,3",2,4,1,1,off,64,8192,16384,64,32,3,128,0,183.42359622381628,714.5863601979755,0.6978382423808355,1048576,131072,6392.2832394746365,20402.96664303168,38.51534485063642,42.16939972598426,38.51534538308644,22.827437333762646,45793.48102167569,62075.32439476344,714.5861311108687,5.8803241699934006e-05,181.9939306867309,PASS,accepted-background
gpu-6000d-46-dual-tp4-dsv4-node8-8192-1024-c64-c64-r03-replica-1,gpu-6000d-46,dual-tp4,dsv4-node8-8192-1024-c64,performance,replica-1,"4,5,6,7",2,4,1,1,off,64,8192,16384,64,32,3,128,0,181.9939894899726,720.1996086097214,0.703319930282931,1048576,131072,6210.763630981091,20349.816506472413,38.343953113496084,41.9018271862359,38.34395346031673,22.812620736658573,45436.62766608759,61637.9184288904,714.5861311108687,5.8803241699934006e-05,181.9939306867309,PASS,accepted-background
gpu-6000d-46-dual-tp2-dp2-epoff-dsv4-node8-8192-1024-c32-c32-r01-node,gpu-6000d-46,dual-tp2-dp2-epoff,dsv4-node8-8192-1024-c32,performance,node,"0,1,2,3,4,5,6,7",2,2,1,2,off,64,8192,32768,32,32,1,128,0,136.8078877828084,958.0734131944607,0.9356185675727156,1048576,131072,6562.709338795685,15233.587699313648,26.620996448715267,34.19211146281531,26.620996750912887,23.03131592925638,33795.988705831405,42859.27400307264,958.0734131944607,0.0004523410461843014,133.67599928565323,PASS,accepted-background
gpu-6000d-46-dual-tp2-dp2-epoff-dsv4-node8-8192-1024-c32-c32-r01-replica-0,gpu-6000d-46,dual-tp2-dp2-epoff,dsv4-node8-8192-1024-c32,performance,replica-0,"0,1,2,3",2,2,1,2,off,64,8192,32768,32,16,1,64,0,136.8078877828084,479.03670659723036,0.4678092837863578,524288,65536,6556.969464618305,15234.683499136008,27.009061249681686,34.19779851128651,27.00906159931172,23.203605390153825,34187.23912304267,42866.1989355227,479.03670659723036,0.0004523410461843014,133.67599928565323,PASS,accepted-background
gpu-6000d-46-dual-tp2-dp2-epoff-dsv4-node8-8192-1024-c32-c32-r01-replica-1,gpu-6000d-46,dual-tp2-dp2-epoff,dsv4-node8-8192-1024-c32,performance,replica-1,"4,5,6,7",2,2,1,2,off,64,8192,32768,32,16,1,64,0,133.67599928565323,490.2600343383679,0.4787695647835624,524288,65536,6568.449212973064,14694.648432917893,26.23293164774885,33.59549621822001,26.23293190251405,22.732699709013104,33404.73828862014,42273.30169773195,479.03670659723036,0.0004523410461843014,133.67599928565323,PASS,accepted-background
gpu-6000d-46-dual-tp2-dp2-epoff-dsv4-node8-8192-1024-c32-c32-r02-node,gpu-6000d-46,dual-tp2-dp2-epoff,dsv4-node8-8192-1024-c32,performance,node,"0,1,2,3,4,5,6,7",2,2,1,2,off,64,8192,32768,32,32,2,128,0,123.73880215687677,1059.263527004457,1.03443703809029,1048576,131072,4890.337151831773,8363.431470585056,25.324502534051014,28.367498547943967,25.324502911383743,23.162326100282375,30797.30324416596,34968.74059755355,1059.263527004457,0.000506209209561348,122.76745536504313,PASS,accepted-background
gpu-6000d-46-dual-tp2-dp2-epoff-dsv4-node8-8192-1024-c32-c32-r02-replica-0,gpu-6000d-46,dual-tp2-dp2-epoff,dsv4-node8-8192-1024-c32,performance,replica-0,"0,1,2,3",2,2,1,2,off,64,8192,32768,32,16,2,64,0,123.73880215687677,529.6317635022285,0.517218519045145,524288,65536,4943.765485149925,8255.6721933186,25.39207774133166,28.420953175511833,25.392078289880544,23.205761215649545,30919.861014532216,34813.539899955504,529.6317635022285,0.000506209209561348,122.76745536504313,PASS,accepted-background
gpu-6000d-46-dual-tp2-dp2-epoff-dsv4-node8-8192-1024-c32-c32-r02-replica-1,gpu-6000d-46,dual-tp2-dp2-epoff,dsv4-node8-8192-1024-c32,performance,replica-1,"4,5,6,7",2,2,1,2,off,64,8192,32768,32,16,2,64,0,122.76745536504313,533.8222561112133,0.5213107969836067,524288,65536,4836.908818513621,8244.266325631175,25.256927326770363,28.361476067488216,25.256927532886934,23.056298098526895,30674.745473799703,34830.84332637954,529.6317635022285,0.000506209209561348,122.76745536504313,PASS,accepted-background
gpu-6000d-46-dual-tp2-dp2-epoff-dsv4-node8-8192-1024-c32-c32-r03-node,gpu-6000d-46,dual-tp2-dp2-epoff,dsv4-node8-8192-1024-c32,performance,node,"0,1,2,3,4,5,6,7",2,2,1,2,off,64,8192,32768,32,32,3,128,0,123.29399067442864,1063.0850642681366,1.0381690080743522,1048576,131072,4881.934559889487,8380.826410255395,25.326374755089482,28.810314911978463,25.326375556803285,23.22499635629356,30790.81593434603,34750.23729293607,1063.0850642681366,5.6449323892593384e-05,123.1766995396465,PASS,accepted-background
gpu-6000d-46-dual-tp2-dp2-epoff-dsv4-node8-8192-1024-c32-c32-r03-replica-0,gpu-6000d-46,dual-tp2-dp2-epoff,dsv4-node8-8192-1024-c32,performance,replica-0,"0,1,2,3",2,2,1,2,off,64,8192,32768,32,16,3,64,0,123.29393422510475,531.5427754973509,0.5190847416966318,524288,65536,4796.1551799526205,8263.391814823259,25.42487943100119,28.831134572327464,25.424879975659607,23.227190948091447,30805.80683786684,34594.71315091941,531.5425321340683,5.6449323892593384e-05,123.1766995396465,PASS,accepted-background
gpu-6000d-46-dual-tp2-dp2-epoff-dsv4-node8-8192-1024-c32-c32-r03-replica-1,gpu-6000d-46,dual-tp2-dp2-epoff,dsv4-node8-8192-1024-c32,performance,replica-1,"4,5,6,7",2,2,1,2,off,64,8192,32768,32,16,3,64,0,123.1767559889704,532.0484329516543,0.5195785478043499,524288,65536,4967.713939826353,8267.983287409874,25.227870079177777,28.38379437092943,25.227871137946963,23.221444408409297,30775.825030825217,34645.620143343695,531.5425321340683,5.6449323892593384e-05,123.1766995396465,PASS,accepted-background
gpu-6000d-46-dual-tp2-dp2-epoff-dsv4-node8-8192-1024-c64-c64-r01-node,gpu-6000d-46,dual-tp2-dp2-epoff,dsv4-node8-8192-1024-c64,performance,node,"0,1,2,3,4,5,6,7",2,2,1,2,off,64,8192,32768,64,64,1,256,0,181.7600505449809,1442.2531200558076,1.4084503125544996,2097152,262144,6335.422330921574,15624.063303228468,33.52326776366183,37.27277074742494,33.523268284730285,26.044830726459622,40629.725253147626,50470.99423769396,1442.2531200558076,0.0004419861361384392,171.7740447660908,PASS,accepted-background
gpu-6000d-46-dual-tp2-dp2-epoff-dsv4-node8-8192-1024-c64-c64-r01-replica-0,gpu-6000d-46,dual-tp2-dp2-epoff,dsv4-node8-8192-1024-c64,performance,replica-0,"0,1,2,3",2,2,1,2,off,64,8192,32768,64,32,1,128,0,171.77448675222695,763.0469604549742,0.7451630473193107,1048576,131072,6319.164931890555,15623.873264458962,32.74699181518013,35.504579664124236,32.74699233983855,25.320278736762695,39819.337558819825,49904.944579885334,721.1265600279038,0.0004419861361384392,171.7740447660908,PASS,accepted-background
gpu-6000d-46-dual-tp2-dp2-epoff-dsv4-node8-8192-1024-c64-c64-r01-replica-1,gpu-6000d-46,dual-tp2-dp2-epoff,dsv4-node8-8192-1024-c64,performance,replica-1,"4,5,6,7",2,2,1,2,off,64,8192,32768,64,32,1,128,0,181.75960855884477,721.1283135965017,0.7042268687465837,1048576,131072,6351.679729952593,15618.161458638497,34.29954371214353,39.19518618971448,34.29954422962201,26.94040420465171,41440.11294747543,51127.6930939639,721.1265600279038,0.0004419861361384392,171.7740447660908,PASS,accepted-background
gpu-6000d-46-dual-tp2-dp2-epoff-dsv4-node8-8192-1024-c64-c64-r02-node,gpu-6000d-46,dual-tp2-dp2-epoff,dsv4-node8-8192-1024-c64,performance,node,"0,1,2,3,4,5,6,7",2,2,1,2,off,64,8192,32768,64,64,2,256,0,172.10351892979816,1523.176293140931,1.4874768487704404,2097152,262144,6170.518355158492,15611.690040794201,32.67318372735478,35.83135381912246,32.673184227799126,25.486086634919047,39595.185308242435,49927.05182021018,1523.176293140931,0.0003498806618154049,168.05038287723437,PASS,accepted-background
gpu-6000d-46-dual-tp2-dp2-epoff-dsv4-node8-8192-1024-c64-c64-r02-replica-0,gpu-6000d-46,dual-tp2-dp2-epoff,dsv4-node8-8192-1024-c64,performance,replica-0,"0,1,2,3",2,2,1,2,off,64,8192,32768,64,32,2,128,0,172.10351892979816,761.5881465704655,0.7437384243852202,1048576,131072,6257.096708595782,15612.832265580073,32.90707680837361,35.88826622689217,32.90707731939762,25.10944828391075,39921.03628356199,50817.97630924265,761.5881465704655,0.0003498806618154049,168.05038287723437,PASS,accepted-background
gpu-6000d-46-dual-tp2-dp2-epoff-dsv4-node8-8192-1024-c64-c64-r02-replica-1,gpu-6000d-46,dual-tp2-dp2-epoff,dsv4-node8-8192-1024-c64,performance,replica-1,"4,5,6,7",2,2,1,2,off,64,8192,32768,64,32,2,128,0,168.05038287723437,779.9565687139901,0.761676336634756,1048576,131072,6083.940001721203,15606.220835121349,32.439290646335955,35.73115066065747,32.439291136200644,25.9289437206462,39269.33433292288,48580.27957521844,761.5881465704655,0.0003498806618154049,168.05038287723437,PASS,accepted-background
gpu-6000d-46-dual-tp2-dp2-epoff-dsv4-node8-8192-1024-c64-c64-r03-node,gpu-6000d-46,dual-tp2-dp2-epoff,dsv4-node8-8192-1024-c64,performance,node,"0,1,2,3,4,5,6,7",2,2,1,2,off,64,8192,32768,64,64,3,256,0,173.7147208158858,1509.0488518692512,1.4736805194035656,2097152,262144,6357.699271573438,15807.916042977013,32.80720866738621,35.89393161221307,32.80720916528967,25.335929379798472,39919.473738309534,50309.03669586405,1509.0488518692512,2.37366184592247e-05,170.59994130628183,PASS,accepted-background
gpu-6000d-46-dual-tp2-dp2-epoff-dsv4-node8-8192-1024-c64-c64-r03-replica-0,gpu-6000d-46,dual-tp2-dp2-epoff,dsv4-node8-8192-1024-c64,performance,replica-0,"0,1,2,3",2,2,1,2,off,64,8192,32768,64,32,3,128,0,173.7147208158858,754.5244259346256,0.7368402597017828,1048576,131072,6378.247669854318,16120.05737961735,33.252188959286265,36.19622320129298,33.2521894561851,25.15429533086717,40395.23697520417,50807.5133868726,754.5244259346256,2.37366184592247e-05,170.59994130628183,PASS,accepted-background
gpu-6000d-46-dual-tp2-dp2-epoff-dsv4-node8-8192-1024-c64-c64-r03-replica-1,gpu-6000d-46,dual-tp2-dp2-epoff,dsv4-node8-8192-1024-c64,performance,replica-1,"4,5,6,7",2,2,1,2,off,64,8192,32768,64,32,3,128,0,170.59994130628183,768.300381561583,0.7502933413687334,1048576,131072,6337.150873292558,15596.627790201455,32.36222837548616,35.32181764488087,32.36222887439424,25.551001518033438,39443.7105014149,49793.44545353669,754.5244259346256,2.37366184592247e-05,170.59994130628183,PASS,accepted-background
gpu-6000d-46-dual-tp2-dp2-epon-dsv4-node8-8192-1024-c32-c32-r01-node,gpu-6000d-46,dual-tp2-dp2-epon,dsv4-node8-8192-1024-c32,performance,node,"0,1,2,3,4,5,6,7",2,2,1,2,on,64,8192,32768,32,32,1,128,0,124.62066341470927,1051.767792021955,1.0271169843964405,1048576,131072,4254.0603682246,8770.799930393696,26.24806015809468,34.38916112344534,26.248060611398216,24.590957490727305,31105.825909955456,42085.496544628404,1051.767792021955,3.7000980228185654e-05,124.3702417416498,PASS,accepted-background
gpu-6000d-46-dual-tp2-dp2-epon-dsv4-node8-8192-1024-c32-c32-r01-replica-0,gpu-6000d-46,dual-tp2-dp2-epon,dsv4-node8-8192-1024-c32,performance,replica-0,"0,1,2,3",2,2,1,2,on,64,8192,32768,32,16,1,64,0,124.62062641372904,525.8840521506166,0.5135586446783366,524288,65536,4672.952179229469,10349.041384551674,25.87062482797381,35.93674498058961,25.87062540603904,23.758683865889903,31138.601378246676,43570.959862670854,525.8838960109775,3.7000980228185654e-05,124.3702417416498,PASS,accepted-background
gpu-6000d-46-dual-tp2-dp2-epon-dsv4-node8-8192-1024-c32-c32-r01-replica-1,gpu-6000d-46,dual-tp2-dp2-epon,dsv4-node8-8192-1024-c32,performance,replica-1,"4,5,6,7",2,2,1,2,on,64,8192,32768,32,16,1,64,0,124.37027874263003,526.9426157323262,0.5145923981760998,524288,65536,3835.168557219731,6660.338501189833,26.625495488215545,28.97494238565056,26.625495816757393,24.894150206819177,31073.050441664236,33677.331806416616,525.8838960109775,3.7000980228185654e-05,124.3702417416498,PASS,accepted-background
gpu-6000d-46-dual-tp2-dp2-epon-dsv4-node8-8192-1024-c32-c32-r02-node,gpu-6000d-46,dual-tp2-dp2-epon,dsv4-node8-8192-1024-c32,performance,node,"0,1,2,3,4,5,6,7",2,2,1,2,on,64,8192,32768,32,32,2,128,0,109.39352419925854,1198.1696444960899,1.1700875434532128,1048576,131072,3835.170840859064,6698.81519346964,22.22607069322444,25.711239920815277,22.226070999657477,23.225297685712576,26572.441160027665,29828.617870016024,1198.1696444960899,0.0009061424061655998,103.33725032955408,PASS,accepted-background
gpu-6000d-46-dual-tp2-dp2-epon-dsv4-node8-8192-1024-c32-c32-r02-replica-0,gpu-6000d-46,dual-tp2-dp2-epon,dsv4-node8-8192-1024-c32,performance,replica-0,"0,1,2,3",2,2,1,2,on,64,8192,32768,32,16,2,64,0,103.33815647196025,634.1897536926017,0.6193259313404313,524288,65536,3898.9313128695358,6302.526560937986,21.424377357240363,23.64968661253476,21.424377762674073,20.49373991321772,25816.069349326426,27975.778258568607,599.0848222480449,0.0009061424061655998,103.33725032955408,PASS,accepted-background
gpu-6000d-46-dual-tp2-dp2-epon-dsv4-node8-8192-1024-c32-c32-r02-replica-1,gpu-6000d-46,dual-tp2-dp2-epon,dsv4-node8-8192-1024-c32,performance,replica-1,"4,5,6,7",2,2,1,2,on,64,8192,32768,32,16,2,64,0,109.39261805685237,599.0897847050368,0.5850486178760125,524288,65536,3771.410368848592,6793.582250736649,23.027764029208516,26.699156920723286,23.027764236640877,23.613227857276794,27328.812970728904,30490.23553233128,599.0848222480449,0.0009061424061655998,103.33725032955408,PASS,accepted-background
gpu-6000d-46-dual-tp2-dp2-epon-dsv4-node8-8192-1024-c32-c32-r03-node,gpu-6000d-46,dual-tp2-dp2-epon,dsv4-node8-8192-1024-c32,performance,node,"0,1,2,3,4,5,6,7",2,2,1,2,on,64,8192,32768,32,32,3,128,0,133.0489839897491,985.1409313287096,0.962051690750693,1048576,131072,4465.166042726196,10603.71688969899,24.739043743608274,31.823920460080117,24.739044169262463,24.279047991149127,29773.20779243746,41894.805676606484,985.1409313287096,0.0005651689134538174,105.2795742941089,PASS,accepted-background
gpu-6000d-46-dual-tp2-dp2-epon-dsv4-node8-8192-1024-c32-c32-r03-replica-0,gpu-6000d-46,dual-tp2-dp2-epon,dsv4-node8-8192-1024-c32,performance,replica-0,"0,1,2,3",2,2,1,2,on,64,8192,32768,32,16,3,64,0,105.28013946302235,622.4915766094542,0.6079019302826701,524288,65536,3763.951885892311,6797.760894987728,22.0299017077167,24.177247430730468,22.029902259771983,21.073710848577317,26300.541332886496,30542.33543956652,492.5704656643548,0.0005651689134538174,105.2795742941089,PASS,accepted-background
gpu-6000d-46-dual-tp2-dp2-epon-dsv4-node8-8192-1024-c32-c32-r03-replica-1,gpu-6000d-46,dual-tp2-dp2-epon,dsv4-node8-8192-1024-c32,performance,replica-1,"4,5,6,7",2,2,1,2,on,64,8192,32768,32,16,3,64,0,133.04841882083565,492.5725580267996,0.48102788869804647,524288,65536,5166.380199560081,11401.938052102923,27.44818577949985,32.22980600088027,27.448186078752943,24.658672837540504,33245.874251988425,41897.69267644733,492.5704656643548,0.0005651689134538174,105.2795742941089,PASS,accepted-background
gpu-6000d-46-dual-tp2-dp2-epon-dsv4-node8-8192-1024-c64-c64-r01-node,gpu-6000d-46,dual-tp2-dp2-epon,dsv4-node8-8192-1024-c64,performance,node,"0,1,2,3,4,5,6,7",2,2,1,2,on,64,8192,32768,64,64,1,256,0,159.9638424096629,1638.7703374157304,1.6003616576325492,2097152,262144,4944.10269643231,11908.942974405363,30.892972933617,33.47498392399477,30.892973271863678,25.80726232845336,36547.6140075225,44314.931500470266,1638.7703374157304,0.0008545336313545704,146.38154669711366,PASS,accepted-background
gpu-6000d-46-dual-tp2-dp2-epon-dsv4-node8-8192-1024-c64-c64-r01-replica-0,gpu-6000d-46,dual-tp2-dp2-epon,dsv4-node8-8192-1024-c64,performance,replica-0,"0,1,2,3",2,2,1,2,on,64,8192,32768,64,32,1,128,0,159.9638424096629,819.3851687078652,0.8001808288162746,1048576,131072,5017.949500037503,12223.37433365173,30.80966212847801,33.655093003106266,30.809662318997145,26.19422110728919,36536.233857470506,43715.44792030472,819.3851687078652,0.0008545336313545704,146.38154669711366,PASS,accepted-background
gpu-6000d-46-dual-tp2-dp2-epon-dsv4-node8-8192-1024-c64-c64-r01-replica-1,gpu-6000d-46,dual-tp2-dp2-epon,dsv4-node8-8192-1024-c64,performance,replica-1,"4,5,6,7",2,2,1,2,on,64,8192,32768,64,32,1,128,0,146.38154669711366,895.4134107573578,0.8744271589427323,1048576,131072,4870.255892827117,11706.507226801477,30.976283738755985,33.26573037617054,30.97628422473021,25.52110410761088,36558.99415757449,44315.27174427174,819.3851687078652,0.0008545336313545704,146.38154669711366,PASS,accepted-background
gpu-6000d-46-dual-tp2-dp2-epon-dsv4-node8-8192-1024-c64-c64-r02-node,gpu-6000d-46,dual-tp2-dp2-epon,dsv4-node8-8192-1024-c64,performance,node,"0,1,2,3,4,5,6,7",2,2,1,2,on,64,8192,32768,64,64,2,256,0,161.8649235391058,1619.5232065622126,1.5815656314084108,2097152,262144,5111.211178043959,12503.2718249131,31.079245025137713,33.69907176935497,31.079245534835263,25.916127767413855,36905.27883875984,45057.166025741026,1619.5232065622126,0.0004820642061531544,160.57280624099076,PASS,accepted-background
gpu-6000d-46-dual-tp2-dp2-epon-dsv4-node8-8192-1024-c64-c64-r02-replica-0,gpu-6000d-46,dual-tp2-dp2-epon,dsv4-node8-8192-1024-c64,performance,replica-0,"0,1,2,3",2,2,1,2,on,64,8192,32768,64,32,2,128,0,160.57280624099076,816.2776940155397,0.7971461855620505,1048576,131072,5098.123410192784,12503.37508735247,30.943817824601474,33.64502271302299,30.943818320060053,25.860084732994427,36753.649044760095,44739.08663452602,809.7616032811063,0.0004820642061531544,160.57280624099076,PASS,accepted-background
gpu-6000d-46-dual-tp2-dp2-epon-dsv4-node8-8192-1024-c64-c64-r02-replica-1,gpu-6000d-46,dual-tp2-dp2-epon,dsv4-node8-8192-1024-c64,performance,replica-1,"4,5,6,7",2,2,1,2,on,64,8192,32768,64,32,2,128,0,161.8649235391058,809.7616032811063,0.7907828157042054,1048576,131072,5124.298945895134,12496.150739863515,31.21467222567395,33.58736254902099,31.214672749610465,25.957683357410133,37056.90863275959,45570.72782709728,809.7616032811063,0.0004820642061531544,160.57280624099076,PASS,accepted-background
gpu-6000d-46-dual-tp2-dp2-epon-dsv4-node8-8192-1024-c64-c64-r03-node,gpu-6000d-46,dual-tp2-dp2-epon,dsv4-node8-8192-1024-c64,performance,node,"0,1,2,3,4,5,6,7",2,2,1,2,on,64,8192,32768,64,64,3,256,0,163.55069031286985,1602.830287652854,1.5652639527859902,2097152,262144,4996.45176481863,12504.756334819831,31.501706576497,34.05563202723023,31.501707163874105,26.63545864634216,37222.69759257506,45990.11210317258,1602.830287652854,0.000807558186352253,161.65101905865595,PASS,accepted-background
gpu-6000d-46-dual-tp2-dp2-epon-dsv4-node8-8192-1024-c64-c64-r03-replica-0,gpu-6000d-46,dual-tp2-dp2-epon,dsv4-node8-8192-1024-c64,performance,replica-0,"0,1,2,3",2,2,1,2,on,64,8192,32768,64,32,3,128,0,163.5498827546835,801.4191009638407,0.7826358407850007,1048576,131072,5148.994018309168,12504.57359321881,31.55609127177114,34.18079329195286,31.556091826052604,27.06461097113787,37430.87538933105,45742.648750916116,801.415143826427,0.000807558186352253,161.65101905865595,PASS,accepted-background
gpu-6000d-46-dual-tp2-dp2-epon-dsv4-node8-8192-1024-c64-c64-r03-replica-1,gpu-6000d-46,dual-tp2-dp2-epon,dsv4-node8-8192-1024-c64,performance,replica-1,"4,5,6,7",2,2,1,2,on,64,8192,32768,64,32,3,128,0,161.6518266168423,810.8290685182012,0.7918252622248059,1048576,131072,4843.909511328093,12224.303065310225,31.44732188122285,33.903335365225516,31.44732250169561,26.123252208344635,37014.51979581907,45710.787308961146,801.415143826427,0.000807558186352253,161.65101905865595,PASS,accepted-background
gpu-6000d-46-dual-tp1-dp4-epon-dsv4-node8-8192-1024-c32-c32-r01-node,gpu-6000d-46,dual-tp1-dp4-epon,dsv4-node8-8192-1024-c32,performance,node,"0,1,2,3,4,5,6,7",2,1,1,4,on,64,8192,65536,32,32,1,128,0,137.91158469300717,950.4060176798623,0.9281308766404905,1048576,131072,4669.333172838378,6682.54458878655,28.109371257559665,31.93511643587181,28.109371621229524,28.765652189031243,33425.219969321915,36337.171862483956,950.4060176798623,0.00010703597217798233,129.605830763001,PASS,accepted-background
gpu-6000d-46-dual-tp1-dp4-epon-dsv4-node8-8192-1024-c32-c32-r01-replica-0,gpu-6000d-46,dual-tp1-dp4-epon,dsv4-node8-8192-1024-c32,performance,replica-0,"0,1,2,3",2,1,1,4,on,64,8192,65536,32,16,1,64,0,129.60593779897317,505.6558450404517,0.4938045361723161,524288,65536,4757.508325696108,6754.892223863862,27.010781331431513,31.816645835267735,27.01078178648825,28.77291303593665,32389.537627750542,34667.45818189811,475.20300883993116,0.00010703597217798233,129.605830763001,PASS,accepted-background
gpu-6000d-46-dual-tp1-dp4-epon-dsv4-node8-8192-1024-c32-c32-r01-replica-1,gpu-6000d-46,dual-tp1-dp4-epon,dsv4-node8-8192-1024-c32,performance,replica-1,"4,5,6,7",2,1,1,4,on,64,8192,65536,32,16,1,64,0,137.911477657035,475.2033776548906,0.4640657984911041,524288,65536,4581.1580199806485,6671.755481744185,29.207961183687818,32.08600903443814,29.207961455970796,28.760602558031675,34460.90231089329,37056.43867736216,475.20300883993116,0.00010703597217798233,129.605830763001,PASS,accepted-background
gpu-6000d-46-dual-tp1-dp4-epon-dsv4-node8-8192-1024-c32-c32-r02-node,gpu-6000d-46,dual-tp1-dp4-epon,dsv4-node8-8192-1024-c32,performance,node,"0,1,2,3,4,5,6,7",2,1,1,4,on,64,8192,65536,32,32,2,128,0,136.74571841582656,958.5089867415556,0.9360439323648004,1048576,131072,4639.913691862603,6855.412104376592,28.80027002697516,31.78685480275374,28.80027041522182,28.87488331180066,34102.58992945819,35808.76299303491,958.5089867415556,0.00048262905329465866,136.20524630276486,PASS,accepted-background
gpu-6000d-46-dual-tp1-dp4-epon-dsv4-node8-8192-1024-c32-c32-r02-replica-0,gpu-6000d-46,dual-tp1-dp4-epon,dsv4-node8-8192-1024-c32,performance,replica-0,"0,1,2,3",2,1,1,4,on,64,8192,65536,32,16,2,64,0,136.74571841582656,479.2544933707778,0.4680219661824002,524288,65536,4627.707314124564,6871.5677245520055,28.879452815650286,31.789088078691666,28.879453288623097,29.213926591910422,34171.38754453481,36312.25017781834,479.2544933707778,0.00048262905329465866,136.20524630276486,PASS,accepted-background
gpu-6000d-46-dual-tp1-dp4-epon-dsv4-node8-8192-1024-c32-c32-r02-replica-1,gpu-6000d-46,dual-tp1-dp4-epon,dsv4-node8-8192-1024-c32,performance,replica-1,"4,5,6,7",2,1,1,4,on,64,8192,65536,32,16,2,64,0,136.20524630276486,481.15620931607,0.4698791106602246,524288,65536,4652.120069600642,6826.601294707507,28.72108723830003,31.437649322288582,28.72108754182055,28.582908189855512,34033.79231438157,35676.22220839839,479.2544933707778,0.00048262905329465866,136.20524630276486,PASS,accepted-background
gpu-6000d-46-dual-tp1-dp4-epon-dsv4-node8-8192-1024-c32-c32-r03-node,gpu-6000d-46,dual-tp1-dp4-epon,dsv4-node8-8192-1024-c32,performance,node,"0,1,2,3,4,5,6,7",2,1,1,4,on,64,8192,65536,32,32,3,128,0,136.47795146005228,960.3895618140588,0.9378804314590418,1048576,131072,4764.198498654878,6787.26978993509,27.70869805760945,31.392100635339723,27.708698552225208,28.7854376481846,33110.196611589345,35773.66275410168,960.3895618140588,0.00044453609734773636,128.52654341980815,PASS,accepted-background
gpu-6000d-46-dual-tp1-dp4-epon-dsv4-node8-8192-1024-c32-c32-r03-replica-0,gpu-6000d-46,dual-tp1-dp4-epon,dsv4-node8-8192-1024-c32,performance,replica-0,"0,1,2,3",2,1,1,4,on,64,8192,65536,32,16,3,64,0,136.47750692395493,480.19634500296496,0.46894174316695797,524288,65536,4750.259743406787,6891.326717194169,28.69207247420603,32.06352278929775,28.692072961382245,29.314844612963498,34102.24988451955,36636.58640903886,480.1947809070294,0.00044453609734773636,128.52654341980815,PASS,accepted-background
gpu-6000d-46-dual-tp1-dp4-epon-dsv4-node8-8192-1024-c32-c32-r03-replica-1,gpu-6000d-46,dual-tp1-dp4-epon,dsv4-node8-8192-1024-c32,performance,replica-1,"4,5,6,7",2,1,1,4,on,64,8192,65536,32,16,3,64,0,128.5269879559055,509.9006912266848,0.49794989377605936,524288,65536,4778.137253902969,6768.815768905915,26.72532364101287,30.530326345818022,26.725324143068175,28.286463930271566,32118.143338659138,35015.89299978223,480.1947809070294,0.00044453609734773636,128.52654341980815,PASS,accepted-background
gpu-6000d-46-dual-tp1-dp4-epon-dsv4-node8-8192-1024-c64-c64-r01-node,gpu-6000d-46,dual-tp1-dp4-epon,dsv4-node8-8192-1024-c64,performance,node,"0,1,2,3,4,5,6,7",2,1,1,4,on,64,8192,65536,64,64,1,256,0,184.0387218426913,1424.3958954685083,1.3910116166684652,2097152,262144,7396.134797447303,16634.017568198033,31.728699934323146,43.518176878586715,31.7287004249542,27.437827177345753,39854.594830259884,50862.89187625516,1424.3958954685083,0.0005258619785308838,169.44902624282986,PASS,accepted-background
gpu-6000d-46-dual-tp1-dp4-epon-dsv4-node8-8192-1024-c64-c64-r01-replica-0,gpu-6000d-46,dual-tp1-dp4-epon,dsv4-node8-8192-1024-c64,performance,replica-0,"0,1,2,3",2,1,1,4,on,64,8192,65536,64,32,1,128,0,169.44902624282986,773.5187560899084,0.7553894102440512,1048576,131072,7128.216414759663,11782.602015556768,30.400586558485777,33.3344175687646,30.400587065103664,27.37666321918368,38228.016464090615,42844.33733532205,712.1979477342542,0.0005258619785308838,169.44902624282986,PASS,accepted-background
gpu-6000d-46-dual-tp1-dp4-epon-dsv4-node8-8192-1024-c64-c64-r01-replica-1,gpu-6000d-46,dual-tp1-dp4-epon,dsv4-node8-8192-1024-c64,performance,replica-1,"4,5,6,7",2,1,1,4,on,64,8192,65536,64,32,1,128,0,184.0387218426913,712.1979477342542,0.6955058083342326,1048576,131072,7664.0531801349425,17523.049536999304,33.056813310160514,43.86540489225308,33.05681378480473,27.483894862234592,41481.173196429154,50868.19618125446,712.1979477342542,0.0005258619785308838,169.44902624282986,PASS,accepted-background
gpu-6000d-46-dual-tp1-dp4-epon-dsv4-node8-8192-1024-c64-c64-r02-node,gpu-6000d-46,dual-tp1-dp4-epon,dsv4-node8-8192-1024-c64,performance,node,"0,1,2,3,4,5,6,7",2,1,1,4,on,64,8192,65536,64,64,2,256,0,173.8382162381895,1507.9768170240297,1.472633610375029,2097152,262144,7722.719167561081,31537.243944592774,30.45361874578387,33.51597039095916,30.453619135421,27.090670494362712,38876.77114449798,57670.288614113815,1507.9768170240297,5.6786928325891495e-05,168.4965750160627,PASS,accepted-background
gpu-6000d-46-dual-tp1-dp4-epon-dsv4-node8-8192-1024-c64-c64-r02-replica-0,gpu-6000d-46,dual-tp1-dp4-epon,dsv4-node8-8192-1024-c64,performance,replica-0,"0,1,2,3",2,1,1,4,on,64,8192,65536,64,32,2,128,0,173.83815945126116,753.9886548140113,0.7363170457168079,1048576,131072,8174.2782146829995,31742.67600160092,30.541530561413268,33.53807260519037,30.541531056715367,27.668280852958553,39418.26397900877,66201.03579943534,753.9884085120149,5.6786928325891495e-05,168.4965750160627,PASS,accepted-background
gpu-6000d-46-dual-tp1-dp4-epon-dsv4-node8-8192-1024-c64-c64-r02-replica-1,gpu-6000d-46,dual-tp1-dp4-epon,dsv4-node8-8192-1024-c64,performance,replica-1,"4,5,6,7",2,1,1,4,on,64,8192,65536,64,32,2,128,0,168.49663180299103,777.8909204146673,0.7596591019674486,1048576,131072,7271.160120439163,23422.76728406999,30.365706930154474,32.89973822131913,30.365707214126637,26.65366930887103,38335.27830998719,49344.87619239364,753.9884085120149,5.6786928325891495e-05,168.4965750160627,PASS,accepted-background
gpu-6000d-46-dual-tp1-dp4-epon-dsv4-node8-8192-1024-c64-c64-r03-node,gpu-6000d-46,dual-tp1-dp4-epon,dsv4-node8-8192-1024-c64,performance,node,"0,1,2,3,4,5,6,7",2,1,1,4,on,64,8192,65536,64,64,3,256,0,171.24481325177476,1530.8142478720195,1.494935788937519,2097152,262144,7693.65312417176,16411.805241950788,30.30695737681761,34.051363465998904,30.30695788004645,28.177254972979426,38697.670520656175,45755.27477753349,1530.8142478720195,0.00037230784073472023,170.5708358148113,PASS,accepted-background
gpu-6000d-46-dual-tp1-dp4-epon-dsv4-node8-8192-1024-c64-c64-r03-replica-0,gpu-6000d-46,dual-tp1-dp4-epon,dsv4-node8-8192-1024-c64,performance,replica-0,"0,1,2,3",2,1,1,4,on,64,8192,65536,64,32,3,128,0,170.5708358148113,768.4314811138338,0.7504213682752283,1048576,131072,7754.880763848632,24028.3961331703,29.974258499772386,33.33753440217301,29.974259019811324,28.917420213110745,38418.547209115786,50669.92584413374,765.4071239360097,0.00037230784073472023,170.5708358148113,PASS,accepted-background
gpu-6000d-46-dual-tp1-dp4-epon-dsv4-node8-8192-1024-c64-c64-r03-replica-1,gpu-6000d-46,dual-tp1-dp4-epon,dsv4-node8-8192-1024-c64,performance,replica-1,"4,5,6,7",2,1,1,4,on,64,8192,65536,64,32,3,128,0,171.24481325177476,765.4071239360097,0.7474678944687595,1048576,131072,7632.425484494888,11605.327051039785,30.639656253862828,34.226588939861884,30.639656740281577,27.505999221466478,38976.79383219656,43147.89095770102,765.4071239360097,0.00037230784073472023,170.5708358148113,PASS,accepted-background
