c,round,start_s,duration_s,p0_p_req_s,p1_p_req_s,p2_p_req_s,all_p_req_s,d_req_s
96,measurement-01,0.0,10.0,0.8,0.8,0.8,2.4,0.0
96,measurement-01,10.0,10.0,1.2,1.2,1.2,3.6,0.0
96,measurement-01,20.0,10.0,1.2,1.2,1.3,3.7,0.8
96,measurement-01,30.0,10.0,0.7,0.7,0.7,2.1,2.4
96,measurement-01,40.0,10.0,0.9,1.0,0.7,2.6,3.5
96,measurement-01,50.0,10.0,0.8,0.9,1.2,2.9,3.4
96,measurement-01,60.0,10.0,1.2,1.2,1.0,3.4,2.2
96,measurement-01,70.0,10.0,1.0,0.8,0.9,2.7,2.2
96,measurement-01,80.0,10.0,0.7,0.7,0.9,2.3,3.3
96,measurement-01,90.0,10.0,0.9,1.0,0.8,2.7,3.5
96,measurement-01,100.0,10.0,1.1,1.1,1.2,3.4,2.4
96,measurement-01,110.0,10.0,0.9,0.9,0.8,2.6,2.6
96,measurement-01,120.0,10.0,0.9,1.0,0.8,2.7,2.7
96,measurement-01,130.0,10.0,0.4,0.5,0.4,1.3,3.6
96,measurement-01,140.0,10.0,0.0,0.0,0.0,0.0,4.5
96,measurement-01,150.0,2.8500074739567935,0.0,0.0,0.0,0.0,4.210515273961671
96,measurement-02,0.0,10.0,0.8,0.8,0.8,2.4,0.0
96,measurement-02,10.0,10.0,1.2,1.2,1.2,3.6,0.0
96,measurement-02,20.0,10.0,1.1,1.2,1.2,3.5,0.5
96,measurement-02,30.0,10.0,1.0,0.7,0.9,2.6,3.0
96,measurement-02,40.0,10.0,0.8,0.8,0.8,2.4,2.3
96,measurement-02,50.0,10.0,0.8,0.9,0.9,2.6,4.2
96,measurement-02,60.0,10.0,1.3,1.1,1.2,3.6,2.2
96,measurement-02,70.0,10.0,0.7,0.9,0.8,2.4,2.4
96,measurement-02,80.0,10.0,0.8,0.8,0.6,2.2,3.0
96,measurement-02,90.0,10.0,1.0,1.0,1.1,3.1,3.3
96,measurement-02,100.0,10.0,1.0,1.0,1.0,3.0,2.7
96,measurement-02,110.0,10.0,0.9,0.9,0.9,2.7,2.1
96,measurement-02,120.0,10.0,0.8,0.8,1.1,2.7,2.9
96,measurement-02,130.0,10.0,0.6,0.5,0.5,1.6,3.4
96,measurement-02,140.0,10.0,0.0,0.0,0.0,0.0,4.7
96,measurement-02,150.0,3.0562960680108517,0.0,0.0,0.0,0.0,5.235094913567513
96,measurement-03,0.0,10.0,0.8,0.8,0.8,2.4,0.0
96,measurement-03,10.0,10.0,1.2,1.2,1.2,3.6,0.0
96,measurement-03,20.0,10.0,1.3,1.3,1.2,3.8,0.6
96,measurement-03,30.0,10.0,0.8,0.6,0.6,2.0,2.9
96,measurement-03,40.0,10.0,0.8,0.8,0.9,2.5,2.6
96,measurement-03,50.0,10.0,1.1,1.0,1.0,3.1,4.2
96,measurement-03,60.0,10.0,1.0,1.3,1.1,3.4,1.7
96,measurement-03,70.0,10.0,0.8,0.8,0.9,2.5,2.9
96,measurement-03,80.0,10.0,0.9,0.8,0.8,2.5,2.8
96,measurement-03,90.0,10.0,0.9,0.9,0.9,2.7,3.5
96,measurement-03,100.0,10.0,1.2,1.2,1.2,3.6,2.5
96,measurement-03,110.0,10.0,0.8,0.9,0.9,2.6,2.0
96,measurement-03,120.0,10.0,0.9,0.8,0.7,2.4,3.3
96,measurement-03,130.0,10.0,0.4,0.4,0.5,1.3,3.8
96,measurement-03,140.0,10.0,0.0,0.0,0.0,0.0,5.0
96,measurement-03,150.0,0.6885538500500843,0.0,0.0,0.0,0.0,7.261596169473612
128,measurement-01,0.0,10.0,0.8,0.8,0.8,2.4,0.0
128,measurement-01,10.0,10.0,1.2,1.2,1.2,3.6,0.0
128,measurement-01,20.0,10.0,1.2,1.2,1.2,3.6,0.3
128,measurement-01,30.0,10.0,1.2,1.2,1.2,3.6,2.7
128,measurement-01,40.0,10.0,1.2,1.2,1.2,3.6,3.3
128,measurement-01,50.0,10.0,1.2,1.1,1.2,3.5,3.5
128,measurement-01,60.0,10.0,1.2,0.9,1.2,3.3,3.2
128,measurement-01,70.0,10.0,1.2,1.2,1.1,3.5,3.9
128,measurement-01,80.0,10.0,1.1,1.2,1.2,3.5,3.5
128,measurement-01,90.0,10.0,1.2,1.2,1.2,3.6,3.3
128,measurement-01,100.0,10.0,0.9,1.3,1.1,3.3,2.8
128,measurement-01,110.0,10.0,1.0,0.9,1.1,3.0,3.8
128,measurement-01,120.0,10.0,1.2,1.2,1.1,3.5,3.5
128,measurement-01,130.0,10.0,1.2,1.2,1.2,3.6,4.1
128,measurement-01,140.0,10.0,1.3,1.2,1.1,3.6,2.4
128,measurement-01,150.0,10.0,0.0,0.0,0.0,0.0,4.5
128,measurement-01,160.0,10.0,0.0,0.0,0.0,0.0,6.1
128,measurement-01,170.0,1.252557961968705,0.0,0.0,0.0,0.0,1.5967324952024613
128,measurement-02,0.0,10.0,0.8,0.8,0.8,2.4,0.0
128,measurement-02,10.0,10.0,1.2,1.2,1.2,3.6,0.1
128,measurement-02,20.0,10.0,1.2,1.2,1.2,3.6,0.9
128,measurement-02,30.0,10.0,1.2,1.2,1.2,3.6,2.7
128,measurement-02,40.0,10.0,1.2,1.2,1.2,3.6,2.3
128,measurement-02,50.0,10.0,1.2,1.2,1.1,3.5,4.0
128,measurement-02,60.0,10.0,1.2,1.1,1.2,3.5,3.4
128,measurement-02,70.0,10.0,1.2,1.2,1.2,3.6,3.1
128,measurement-02,80.0,10.0,0.9,1.2,1.0,3.1,2.6
128,measurement-02,90.0,10.0,0.9,0.9,0.9,2.7,4.4
128,measurement-02,100.0,10.0,1.2,1.2,1.2,3.6,3.3
128,measurement-02,110.0,10.0,1.2,1.2,1.2,3.6,3.8
128,measurement-02,120.0,10.0,1.2,1.2,1.2,3.6,2.5
128,measurement-02,130.0,10.0,1.1,1.1,1.1,3.3,4.2
128,measurement-02,140.0,10.0,1.4,1.2,1.3,3.9,3.1
128,measurement-02,150.0,10.0,0.0,0.0,0.0,0.0,4.5
128,measurement-02,160.0,10.0,0.0,0.0,0.0,0.0,5.9
128,measurement-02,170.0,0.23209411790594459,0.0,0.0,0.0,0.0,12.925790739840036
128,measurement-03,0.0,10.0,0.8,0.8,0.8,2.4,0.0
128,measurement-03,10.0,10.0,1.2,1.2,1.2,3.6,0.1
128,measurement-03,20.0,10.0,1.2,1.2,1.2,3.6,0.6
128,measurement-03,30.0,10.0,1.2,1.2,1.2,3.6,2.5
128,measurement-03,40.0,10.0,1.2,1.2,1.2,3.6,2.7
128,measurement-03,50.0,10.0,1.0,1.0,1.1,3.1,3.3
128,measurement-03,60.0,10.0,1.0,1.1,1.0,3.1,3.6
128,measurement-03,70.0,10.0,1.2,1.3,1.2,3.7,3.5
128,measurement-03,80.0,10.0,1.1,0.9,1.1,3.1,3.3
128,measurement-03,90.0,10.0,1.2,1.2,1.2,3.6,3.2
128,measurement-03,100.0,10.0,1.2,1.2,1.2,3.6,3.9
128,measurement-03,110.0,10.0,1.2,1.2,1.1,3.5,2.3
128,measurement-03,120.0,10.0,1.0,1.0,0.9,2.9,4.5
128,measurement-03,130.0,10.0,1.2,1.2,1.2,3.6,4.3
128,measurement-03,140.0,10.0,1.4,1.3,1.2,3.9,3.4
128,measurement-03,150.0,10.0,0.0,0.0,0.3,0.3,3.2
128,measurement-03,160.0,10.0,0.0,0.0,0.0,0.0,6.3
128,measurement-03,170.0,1.0615850780159235,0.0,0.0,0.0,0.0,3.7679504759768307
144,measurement-01,0.0,10.0,0.8,0.7,0.8,2.3,0.0
144,measurement-01,10.0,10.0,1.2,1.2,1.2,3.6,0.0
144,measurement-01,20.0,10.0,1.2,1.2,1.2,3.6,0.5
144,measurement-01,30.0,10.0,1.2,1.2,1.2,3.6,2.2
144,measurement-01,40.0,10.0,1.0,1.2,1.2,3.4,3.3
144,measurement-01,50.0,10.0,1.2,1.2,1.2,3.6,3.5
144,measurement-01,60.0,10.0,1.2,1.2,1.2,3.6,3.1
144,measurement-01,70.0,10.0,1.2,1.2,1.2,3.6,4.1
144,measurement-01,80.0,10.0,1.2,1.2,1.2,3.6,4.2
144,measurement-01,90.0,10.0,1.2,1.2,1.2,3.6,3.7
144,measurement-01,100.0,10.0,1.2,1.2,1.2,3.6,2.9
144,measurement-01,110.0,10.0,1.2,1.2,1.2,3.6,3.0
144,measurement-01,120.0,10.0,1.2,1.2,1.0,3.4,3.0
144,measurement-01,130.0,10.0,1.2,1.2,1.2,3.6,3.7
144,measurement-01,140.0,10.0,1.2,1.2,1.2,3.6,3.8
144,measurement-01,150.0,10.0,1.2,1.2,1.2,3.6,3.7
144,measurement-01,160.0,10.0,0.5,0.5,0.7,1.7,4.2
144,measurement-01,170.0,10.0,0.0,0.0,0.0,0.0,5.8
144,measurement-01,180.0,5.010700287064537,0.0,0.0,0.0,0.0,5.588041270854674
144,measurement-02,0.0,10.0,0.8,0.7,0.8,2.3,0.0
144,measurement-02,10.0,10.0,1.2,1.2,1.2,3.6,0.0
144,measurement-02,20.0,10.0,1.2,1.2,1.2,3.6,0.4
144,measurement-02,30.0,10.0,1.2,1.2,1.2,3.6,2.8
144,measurement-02,40.0,10.0,1.2,1.2,1.2,3.6,2.6
144,measurement-02,50.0,10.0,1.2,1.2,1.2,3.6,3.1
144,measurement-02,60.0,10.0,1.2,1.2,1.2,3.6,3.1
144,measurement-02,70.0,10.0,1.1,1.2,1.1,3.4,4.0
144,measurement-02,80.0,10.0,1.2,1.2,1.2,3.6,3.6
144,measurement-02,90.0,10.0,1.2,1.2,1.2,3.6,3.6
144,measurement-02,100.0,10.0,1.2,1.2,1.2,3.6,3.2
144,measurement-02,110.0,10.0,1.2,1.2,1.2,3.6,4.4
144,measurement-02,120.0,10.0,1.2,1.2,1.2,3.6,3.6
144,measurement-02,130.0,10.0,1.2,1.2,1.2,3.6,4.1
144,measurement-02,140.0,10.0,1.0,1.2,1.2,3.4,3.3
144,measurement-02,150.0,10.0,1.2,1.2,1.2,3.6,3.6
144,measurement-02,160.0,10.0,0.6,0.5,0.6,1.7,4.0
144,measurement-02,170.0,10.0,0.0,0.0,0.0,0.0,5.5
144,measurement-02,180.0,5.2504174270434305,0.0,0.0,0.0,0.0,4.951987220307719
144,measurement-03,0.0,10.0,0.8,0.8,0.8,2.4,0.0
144,measurement-03,10.0,10.0,1.2,1.2,1.2,3.6,0.0
144,measurement-03,20.0,10.0,1.2,1.2,1.2,3.6,0.9
144,measurement-03,30.0,10.0,1.2,1.2,1.2,3.6,2.7
144,measurement-03,40.0,10.0,1.2,1.2,1.2,3.6,3.1
144,measurement-03,50.0,10.0,1.2,1.2,1.2,3.6,2.4
144,measurement-03,60.0,10.0,1.2,1.2,1.2,3.6,2.9
144,measurement-03,70.0,10.0,1.2,1.2,1.2,3.6,4.1
144,measurement-03,80.0,10.0,1.0,1.2,1.0,3.2,3.2
144,measurement-03,90.0,10.0,1.2,1.2,1.2,3.6,3.8
144,measurement-03,100.0,10.0,1.2,1.2,1.2,3.6,3.6
144,measurement-03,110.0,10.0,1.2,1.2,1.2,3.6,3.8
144,measurement-03,120.0,10.0,1.2,1.2,1.2,3.6,4.2
144,measurement-03,130.0,10.0,1.2,1.2,1.2,3.6,3.6
144,measurement-03,140.0,10.0,1.2,1.2,1.2,3.6,3.5
144,measurement-03,150.0,10.0,1.2,1.2,1.2,3.6,3.8
144,measurement-03,160.0,10.0,0.6,0.4,0.6,1.6,3.8
144,measurement-03,170.0,10.0,0.0,0.0,0.0,0.0,5.3
144,measurement-03,180.0,5.326814036932774,0.0,0.0,0.0,0.0,5.256425286459342
