case,group,C,round,cohort,N,pass_count,ttft_only,tpot_only,both,ttft_s,tpot_ms
P128,pd,128,measurement-01,full,512,385,127,0,0,11.620662947251049,27.50600125475653
P128,pd,128,measurement-01,initial_C,128,18,110,0,0,22.322501385491705,26.96480987968151
P128,pd,128,measurement-01,remaining_3C,384,367,17,0,0,8.053383467837497,27.686398379781537
P128,pd,128,measurement-02,full,512,351,161,0,0,11.780882714914014,27.319599193276368
P128,pd,128,measurement-02,initial_C,128,18,110,0,0,22.28863199754869,26.113264007090446
P128,pd,128,measurement-02,remaining_3C,384,333,51,0,0,8.278299620702455,27.721710922005006
P128,pd,128,measurement-03,full,512,344,168,0,0,11.765858657528497,27.287590796701146
P128,pd,128,measurement-03,initial_C,128,18,110,0,0,22.349291876833377,27.3279500636312
P128,pd,128,measurement-03,remaining_3C,384,326,58,0,0,8.238047584426871,27.274137707724467
P144,pd,144,measurement-01,full,576,155,421,0,0,14.300579004415745,28.062006278795053
P144,pd,144,measurement-01,initial_C,144,20,124,0,0,24.433953428565776,28.585909141260704
P144,pd,144,measurement-01,remaining_3C,432,135,297,0,0,10.922787529699066,27.8873719913065
P144,pd,144,measurement-02,full,576,211,365,0,0,13.897587948968066,28.204605607162335
P144,pd,144,measurement-02,initial_C,144,19,125,0,0,24.429408651184833,28.93279240889537
P144,pd,144,measurement-02,remaining_3C,432,192,240,0,0,10.386981048229144,27.96187667325132
P144,pd,144,measurement-03,full,576,196,380,0,0,14.286005113710214,27.904562265048007
P144,pd,144,measurement-03,initial_C,144,18,126,0,0,24.565741223056747,27.080388902573688
P144,pd,144,measurement-03,remaining_3C,432,178,254,0,0,10.859426410594702,28.179286719206114
P96,pd,96,measurement-01,full,384,304,80,0,0,8.959882950135276,25.899048222081195
P96,pd,96,measurement-01,initial_C,96,18,78,0,0,17.79769921598927,25.797624877145214
P96,pd,96,measurement-01,remaining_3C,288,286,2,0,0,6.0139441948506125,25.93285600372652
P96,pd,96,measurement-02,full,384,305,79,0,0,8.611100765141297,26.536562040085347
P96,pd,96,measurement-02,initial_C,96,18,78,0,0,17.748679210177215,26.60393817810747
P96,pd,96,measurement-02,remaining_3C,288,287,1,0,0,5.565241283462658,26.514103327411306
P96,pd,96,measurement-03,full,384,305,79,0,0,8.799993516991284,25.959344842607404
P96,pd,96,measurement-03,initial_C,96,18,78,0,0,17.804102287340356,26.018964394203657
P96,pd,96,measurement-03,remaining_3C,288,287,1,0,0,5.798623926874926,25.939471658741983
O128,ordinary,128,measurement-01,full,512,224,75,192,21,6.292588002916773,45.8395197202022
O128,ordinary,128,measurement-01,initial_C,128,14,75,18,21,16.758503325392667,43.07477449383673
O128,ordinary,128,measurement-01,remaining_3C,384,210,0,174,0,2.803949562091475,46.76110146232402
O128,ordinary,128,measurement-02,full,512,216,75,200,21,6.40647256434886,45.42462334094274
O128,ordinary,128,measurement-02,initial_C,128,12,75,20,21,16.9733275832823,42.694809628973424
O128,ordinary,128,measurement-02,remaining_3C,384,204,0,180,0,2.884187558037714,46.33456124493251
O128,ordinary,128,measurement-03,full,512,227,72,188,25,6.390325315357131,45.675310352821086
O128,ordinary,128,measurement-03,initial_C,128,16,72,15,25,16.949382239014994,43.88489324243651
O128,ordinary,128,measurement-03,remaining_3C,384,211,0,173,0,2.8706396741378435,46.27211605628261
O144,ordinary,144,measurement-01,full,576,179,72,285,40,6.760827496594276,50.80361402503839
O144,ordinary,144,measurement-01,initial_C,144,13,72,19,40,18.699677310829024,48.541808454619186
O144,ordinary,144,measurement-01,remaining_3C,432,166,0,266,0,2.781210891849359,51.55754921517813
O144,ordinary,144,measurement-02,full,576,179,63,284,50,6.804859593178561,50.346800184103564
O144,ordinary,144,measurement-02,initial_C,144,11,63,20,50,18.68735731440716,48.73504149094158
O144,ordinary,144,measurement-02,remaining_3C,432,168,0,264,0,2.844027019435695,50.88405308182422
O144,ordinary,144,measurement-03,full,576,179,66,283,48,6.747657556556078,50.671888761431234
O144,ordinary,144,measurement-03,initial_C,144,7,66,24,47,18.677520137618153,49.21335560320376
O144,ordinary,144,measurement-03,remaining_3C,432,172,0,259,1,2.7710366962020525,51.15806648084039
O96,ordinary,96,measurement-01,full,384,283,62,37,2,5.201541949873293,37.17637918060569
O96,ordinary,96,measurement-01,initial_C,96,20,62,12,2,13.539144075964336,34.87322780520499
O96,ordinary,96,measurement-01,remaining_3C,288,263,0,25,0,2.422341241176279,37.944096305739265
O96,ordinary,96,measurement-02,full,384,283,60,37,4,5.125309603768376,37.503493646900594
O96,ordinary,96,measurement-02,initial_C,96,23,60,9,4,13.543215815348958,35.8234726230308
O96,ordinary,96,measurement-02,remaining_3C,288,260,0,28,0,2.3193408665748496,38.063500654857194
O96,ordinary,96,measurement-03,full,384,292,62,28,2,5.277000962134177,36.996750694596784
O96,ordinary,96,measurement-03,initial_C,96,26,62,6,2,13.55072835031145,34.67764459394022
O96,ordinary,96,measurement-03,remaining_3C,288,266,0,22,0,2.5190918327417524,37.76978606148231
G96,graph-control,96,measurement-01,full,384,77,15,229,63,7.126689521954177,57.32916990343631
G96,graph-control,96,measurement-01,initial_C,96,18,15,0,63,17.866544824760542,56.14288488603451
G96,graph-control,96,measurement-01,remaining_3C,288,59,0,229,0,3.5467377543520544,57.724598242570245
G96,graph-control,96,measurement-02,full,384,90,11,216,67,7.304543845540745,54.9875863849073
G96,graph-control,96,measurement-02,initial_C,96,17,11,1,67,17.948622568558978,56.58192579521231
G96,graph-control,96,measurement-02,remaining_3C,288,73,0,215,0,3.7565176045346664,54.45613991480564
G96,graph-control,96,measurement-03,full,384,101,15,205,63,7.241956385690173,53.026712101188686
G96,graph-control,96,measurement-03,initial_C,96,18,15,1,62,17.937585011131887,53.61484403765787
G96,graph-control,96,measurement-03,remaining_3C,288,83,0,204,1,3.6767468438762685,52.83066812236563
O5C144,ratio20,144,measurement-01,full,576,308,88,164,16,5.966439186383973,42.55626419182083
O5C144,ratio20,144,measurement-01,initial_C,144,23,88,17,16,15.674807282063638,40.64646893691319
O5C144,ratio20,144,measurement-01,remaining_3C,432,285,0,147,0,2.7303164878240853,43.19286261012338
O5C144,ratio20,144,measurement-02,full,576,341,87,130,18,5.939132452231813,42.25921285403949
O5C144,ratio20,144,measurement-02,initial_C,144,25,87,14,18,15.43937064764355,40.40070285113455
O5C144,ratio20,144,measurement-02,remaining_3C,432,316,0,116,0,2.7723863870945666,42.87871618834113
O5C144,ratio20,144,measurement-03,full,576,327,84,145,20,5.8544604507395785,42.55611895510444
O5C144,ratio20,144,measurement-03,initial_C,144,26,84,14,20,15.680841168569007,39.91772971672955
O5C144,ratio20,144,measurement-03,remaining_3C,432,301,0,131,0,2.5790002114631028,43.43558203456273
P4C144,ratio20,144,measurement-01,full,576,453,123,0,0,9.108420883533958,31.02117868086398
P4C144,ratio20,144,measurement-01,initial_C,144,24,120,0,0,19.5765118619149,29.81461360716514
P4C144,ratio20,144,measurement-01,remaining_3C,432,429,3,0,0,5.619057224073644,31.423367038763597
P4C144,ratio20,144,measurement-02,full,576,451,124,1,0,9.199950262307741,30.746405825638835
P4C144,ratio20,144,measurement-02,initial_C,144,24,120,0,0,19.591691663094227,29.973031327842264
P4C144,ratio20,144,measurement-02,remaining_3C,432,427,4,1,0,5.736036462045579,31.004197324904357
P4C144,ratio20,144,measurement-03,full,576,446,129,1,0,9.241416775283142,31.020871713030676
P4C144,ratio20,144,measurement-03,initial_C,144,25,119,0,0,19.473452958311505,31.398202114368473
P4C144,ratio20,144,measurement-03,remaining_3C,432,421,10,1,0,5.830738047607021,30.895094912584742
O5C128,ratio20-c128,128,measurement-01,full,512,342,78,82,10,5.555951116263486,39.43174838891029
O5C128,ratio20-c128,128,measurement-01,initial_C,128,25,78,15,10,14.30539621772823,37.156412442539214
O5C128,ratio20-c128,128,measurement-01,remaining_3C,384,317,0,67,0,2.6394694157752383,40.190193704367324
O5C128,ratio20-c128,128,measurement-02,full,512,340,84,82,6,5.420778351719036,39.26755958442782
O5C128,ratio20-c128,128,measurement-02,initial_C,128,23,84,15,6,14.187899904432015,37.52426106745721
O5C128,ratio20-c128,128,measurement-02,remaining_3C,384,317,0,67,0,2.49840450081471,39.84865909008469
O5C128,ratio20-c128,128,measurement-03,full,512,357,76,67,12,5.454640783613286,39.09948537676283
O5C128,ratio20-c128,128,measurement-03,initial_C,128,29,76,11,12,14.243072603860128,37.24750765105079
O5C128,ratio20-c128,128,measurement-03,remaining_3C,384,328,0,56,0,2.5251635101976717,39.71681128533351
P4C128,ratio20-c128,128,measurement-01,full,512,406,106,0,0,8.317225876151497,29.339910914536866
P4C128,ratio20-c128,128,measurement-01,initial_C,128,24,104,0,0,17.933315723034866,29.18343452644413
P4C128,ratio20-c128,128,measurement-01,remaining_3C,384,382,2,0,0,5.11186259385704,29.392069710567778
P4C128,ratio20-c128,128,measurement-02,full,512,409,103,0,0,8.452305374400112,29.708487595621968
P4C128,ratio20-c128,128,measurement-02,initial_C,128,26,102,0,0,17.49969901116674,29.55347265247582
P4C128,ratio20-c128,128,measurement-02,remaining_3C,384,383,1,0,0,5.436507495477902,29.760159243337352
P4C128,ratio20-c128,128,measurement-03,full,512,402,110,0,0,8.662198286637476,29.00342443522561
P4C128,ratio20-c128,128,measurement-03,initial_C,128,25,103,0,0,17.755418013629424,29.94584354591838
P4C128,ratio20-c128,128,measurement-03,remaining_3C,384,377,7,0,0,5.6311250443068275,28.68928473166136
