concurrency_global,round,num_prompts,completed,failed,duration_s,request_throughput_req_s,output_throughput_tok_s,total_token_throughput_tok_s,total_input_tokens,total_output_tokens,slo_ttft_limit_s,slo_tpot_limit_s,slo_good_requests,slo_joint_pass_rate,slo_goodput_req_s,mean_ttft_ms,median_ttft_ms,std_ttft_ms,p90_ttft_ms,p95_ttft_ms,p99_ttft_ms,mean_tpot_ms,median_tpot_ms,std_tpot_ms,p90_tpot_ms,p95_tpot_ms,p99_tpot_ms,mean_itl_ms,median_itl_ms,std_itl_ms,p90_itl_ms,p95_itl_ms,p99_itl_ms,mean_e2el_ms,median_e2el_ms,std_e2el_ms,p90_e2el_ms,p95_e2el_ms,p99_e2el_ms
32,1,128,128,0,161.0141096508596,0.7949613874060673,1628.0809214076257,21165.051978299136,3145728,262144,10,0.05,114,0.890625,0.7080124856585287,4840.868271397994,3753.5518835065886,2943.608694103336,10185.69538167212,12679.331573459784,14356.36553871213,15.964948176972547,15.754534920091087,1.8634727766737278,18.34637266310759,19.248310893322017,20.697822278919645,56.36119944404585,51.36771500110626,29.00534498317161,55.28738731518387,56.61624250933528,208.91657493542868,37521.1171896608,36508.22108844295,4597.451111210546,44549.92886332329,46366.80755014531,50776.05205849978
32,2,128,128,0,156.7073252759874,0.8168092957656634,1672.8254377280787,21746.73069046502,3145728,262144,10,0.05,114,0.890625,0.727470779041294,4704.362413711351,3426.0354025755078,3045.7863800326686,10201.60095829051,12686.387418129014,14391.654243187519,15.934063070472828,15.743686643901814,1.8726085673031383,18.642204749644982,19.38584760396955,20.708813649028063,56.938784974537775,51.27597588580102,30.00117397608648,55.53017489146441,57.15680434368551,210.3097501629964,37321.38951896923,36730.375656392425,5099.274593217873,44317.73043689318,46383.441861195024,52037.55163160851
32,3,128,128,0,158.06731217494234,0.8097815939220558,1658.4327043523704,21559.625156580816,3145728,262144,10,0.05,114,0.890625,0.721211732086831,4824.675481588201,3752.828208031133,2967.0089470928738,10250.459425919687,12560.175796749536,14474.830675716516,15.787288783402257,15.438612128455969,1.9149191373494143,18.28540103865126,18.918241028087944,21.248399137801837,56.404301483179374,51.00687104277313,30.179870471181946,54.939349833875895,56.60103745758533,211.4773802831769,37141.25562121262,36473.25587901287,4688.944120032813,43089.854878908955,45837.74418357061,50260.87757372996
48,1,192,192,0,184.9576815259643,1.038075296013305,2125.9782062352488,27637.716681058235,4718592,393216,10,0.05,162,0.84375,0.8758760310112262,5643.656677055939,3724.545744014904,4618.854287883535,13557.423797273077,17738.94521606853,20611.027858105954,18.343124242809612,18.134640477089057,2.2051496476897987,21.633998257391024,22.578279973383314,23.55706937597454,65.21055830097514,57.9233585158363,34.13785620558158,61.6137882694602,184.8004966159351,208.24384997365996,43192.03200208722,41512.45804398786,6775.14518211244,53974.38623670024,56237.5921539031,61987.856112651076
48,2,192,192,0,186.39748528320342,1.030056814920461,2109.556356957104,27424.23264044235,4718592,393216,10,0.05,162,0.84375,0.8691104375891389,5937.110443620138,4103.656565537676,4578.665652070821,13414.72829633858,17634.805167187005,20573.15540223848,18.29443572402408,17.91950885711932,2.100916621998755,21.366682766393488,22.03971696782104,23.705946221884208,64.52444344134,57.35654290765524,34.20085650843476,60.92677949927747,183.59679551795125,216.02149292826647,43385.820370697424,42201.80308900308,5985.819522241374,50899.39777231775,54499.67276168754,58959.20253089164
48,3,192,192,0,184.55304143507965,1.0403513185532625,2130.6395003970815,27698.31350516206,4718592,393216,10,0.05,162,0.84375,0.8777964250293152,5736.48056125118,3865.7824335386977,4587.031141175827,13458.47531487234,17686.579204839654,20577.96940139029,18.422801684931397,18.141643538137032,2.32161346649687,21.693471273142094,22.7987689477538,24.10659721865523,64.61189874819055,57.437862968072295,33.97178532300172,60.99036354571581,183.62318123690778,209.76127138826996,43447.95561030575,42079.02219949756,6709.673282914473,53366.236076829955,57580.84295860026,62340.55008538766
64,1,256,256,0,213.76815515989438,1.197559102329891,2452.601041571617,31883.813540431023,6291456,524288,10,0.05,210,0.8203125,0.9823727011299889,6585.370172360854,3863.5699501028284,6251.789303766468,17742.51150584314,22815.358318388462,26975.121212506197,21.000189833200228,20.472117652707112,2.8098667950060623,25.17666371099507,26.672393228138947,28.900458882292096,73.1841344319821,64.54318016767502,36.624509940543795,70.23824308998883,184.10722096450627,223.29926355741907,49572.758760921715,47266.479112557136,8819.772688959327,62721.364721423015,68475.87328555528,77023.89572686513
64,2,256,256,0,212.19634129991755,1.2064298490338743,2470.7683308213745,32119.98830067787,6291456,524288,10,0.05,210,0.8203125,0.9896494855356001,6485.9977785999945,3714.929517940618,6281.1273032783565,17656.463067396544,22771.93928253837,26980.578732572027,20.98287043651895,20.680203454561703,2.6470809019786263,24.416138887376732,25.347537560305188,27.570802453722443,73.76443538449601,64.72338014282286,37.06058915780343,70.79272582195699,183.9272736106068,228.2141974288969,49437.933562154285,47527.130592498,8648.397088019221,61156.44045849331,66645.48927219585,74486.58807961037
64,3,256,256,0,211.88369047897868,1.2082100298578582,2474.4141411488936,32167.383834935616,6291456,524288,10,0.05,210,0.8203125,0.9911097901177742,6606.941994565204,3995.2948164427653,6229.072337604217,17654.245881014504,22780.066339066252,26891.73900996102,20.9009479312114,20.67108074524797,2.4571159365286235,24.455513726441264,25.72792929665558,27.015359239825866,73.18187649943924,64.45041205734015,36.82888964357385,70.13852745294571,184.0747215785086,230.16714468598366,49391.18240975495,47380.19607856404,8218.182930934747,60894.331027404405,66219.91012489889,75804.88526977132
80,1,320,320,0,233.22374096000567,1.372073008874663,2810.00552217531,36530.071788279034,7864320,655360,10,0.05,258,0.80625,1.1062338634051971,7583.578665014647,4044.007775490172,7836.77962325434,20895.846013329025,27781.565027579203,32749.482126771476,22.788396556876414,22.489516258910374,2.9743592132808327,27.323666274748675,28.477543698995486,30.037785158126376,79.7441705252221,68.75814346130937,39.92169624315767,167.3427504021675,189.80118612525985,238.64560107933355,54231.42641694067,51417.85523260478,10097.879559030633,69061.41748926602,75219.49359967839,80986.94592268905
80,2,320,320,0,231.04707641899586,1.384999130738582,2836.478219752616,36874.216856784005,7864320,655360,10,0.05,258,0.80625,1.1166555491579817,7560.952135336993,4061.69676897116,7847.276872353153,20915.237705502695,27995.902535878122,32795.14767189743,22.51743550770816,22.22457226429728,2.797591066177489,26.61123501107781,27.639325969803828,30.000553879134802,79.28945547624863,68.65445617586374,39.21872203278541,80.86599651724102,187.1363531798124,237.631899630651,53654.142619615595,51117.51359794289,9524.370988554307,68098.43547220808,73154.83867810108,84124.58933602087
80,3,320,320,0,232.63920434797183,1.3755205228494403,2817.0660307956537,36621.8584003435,7864320,655360,10,0.05,258,0.80625,1.1090134215473613,7580.449986374151,4117.1406279318035,7845.303109300915,21067.920788400832,27953.70036327513,32857.13112287223,22.571497459478802,22.348105906473375,2.9000153612386357,26.48827561103836,27.708803995383445,29.598736188929067,79.57992419362076,68.69723508134484,39.340041451583765,168.81241416558623,187.05147155560553,235.00605772715065,53784.30528592726,51348.82213850506,10030.179414262286,67295.85418340284,74105.43221808042,84372.67316242447
96,1,384,384,0,248.76977479318157,1.54359588225396,3161.28436685611,41096.69676912943,9437184,786432,10,0.05,306,0.796875,1.2300529686711243,8552.055523209978,4299.615790951066,9414.122330017417,25426.373094948936,32805.86651785998,39313.557932877455,24.289876038186986,24.159261196613784,3.1580878443113427,28.652931075237422,30.162963087515358,32.25978117288192,84.90007683853653,73.4369249548763,39.76325417136717,170.53408613428476,187.51388181699437,237.1720676519908,58273.43177337874,54877.35749746207,11661.443479668917,75990.2258249698,82773.71105614582,92974.97278131312
96,2,384,384,0,250.3567983750254,1.5338109549746757,3141.244835788136,40836.18286524576,9437184,786432,10,0.05,306,0.796875,1.2222556047454447,8640.118554510385,4494.263572036289,9380.891044418626,25384.04333114158,32768.36712824879,39285.531709436334,24.508574937839406,24.101958722949874,3.342704228113332,29.23649677534282,30.526344473449843,33.25644349599276,85.6054901185053,73.65386700257659,39.654003898294114,170.43676208704713,185.96498707775027,235.5757715133948,58809.17145226764,55484.087752061896,11767.678870829646,76138.3718110621,84897.76471904479,91800.08836167633
96,3,384,384,0,247.06410626880825,1.554252480456243,3183.1090799743856,41380.41803966701,9437184,786432,10,0.05,306,0.796875,1.2385449453635686,8702.814717021587,4509.59780800622,9387.591315724636,25270.776177011423,32821.95370536065,39345.0479750149,24.096726637634664,23.870158117513835,3.136456498770472,28.42799091163857,29.828900075159304,32.106295915734115,85.24231688025172,73.42853699810803,39.8025854273933,171.92615543026477,187.19855063827703,234.2936242884025,58028.81414425974,54804.39415900037,11408.35859467002,77100.52064771298,81925.59766474878,88567.21810085233
112,1,448,448,0,266.75482254917733,1.6794448014802408,3439.502953431533,44713.53839460993,11010048,917504,10,0.05,354,0.7901785714285714,1.3270612940267974,9277.421556132529,4196.138863568194,11138.292527828547,29595.056840730835,37790.356699354015,45097.780401736956,25.74315373424347,25.521527007793164,3.355202041890336,30.191084889808337,31.243172006536653,35.1430774818124,90.66715412439657,78.45299004111439,40.12063224886526,169.2800796823576,184.17054830351842,239.6426473231986,61973.65725012891,57731.792651931755,14056.907666151415,84085.48090944532,94286.17038995722,106245.32247771038
112,2,448,448,0,270.66024389397353,1.6552116910657046,3389.873543302563,44068.35606293332,11010048,917504,10,0.05,354,0.7901785714285714,1.3079128094581685,9356.326331683314,4367.515963036567,11099.595298955353,29563.56455050409,37758.328111458104,45039.60988286416,26.040566097485037,25.90154305913244,3.401018094540928,30.296593607377407,32.064634286538066,34.122164802626685,90.59189392958169,78.61733180470765,39.72252743080464,169.17733061127362,184.3743273289874,236.78753064014018,62661.36513323519,59134.70535899978,13494.218213335109,83148.57619463,92492.40820343839,103236.6081685503
112,3,448,448,0,269.9732529511675,1.6594236469826653,3398.4996290204986,44180.49517726648,11010048,917504,10,0.05,354,0.7901785714285714,1.3112410067675524,9391.198623802276,4376.286829006858,11081.074619433048,29543.223416572437,37959.53509641112,44991.469974364154,26.11252628566644,25.920187084731783,3.4709188120812846,30.8901117524154,32.17952510242022,34.664315717440616,91.35270092940301,78.72325414791703,40.720209187033404,170.17488577403128,185.67116875201458,238.8007948664017,62843.539930561485,59443.55321396142,13330.141807146876,83990.7014725497,92231.51310132816,105855.09435357992
120,1,480,480,0,279.1610690348316,1.7194374618908959,3521.4079219525547,45778.30298538321,11796480,983040,10,0.05,378,0.7875,1.3540570012390805,9971.104679703905,4538.149275584146,11855.356239540126,30731.545519316598,40300.34047033399,48766.53718903893,26.668017667027975,26.475491430669564,3.537476890534608,31.27891793783388,32.51704376428736,35.351008831193006,93.48739466508853,81.7486250307411,39.838628342632795,166.16514627821743,182.04629104584447,240.385467535816,64560.536844110175,60896.014378988184,14147.837543574633,86943.35048301145,97131.13181449007,107640.89446419384
120,2,480,480,0,275.9966376221273,1.7391516220468524,3561.7825219519536,46303.1727853754,11796480,983040,10,0.05,378,0.7875,1.3695819023618963,9885.817712553155,4542.96370910015,11870.640914200569,30843.666842510018,40448.58239585296,48723.59418934443,26.56519548368641,26.395740158959192,3.483083521794496,31.397166120686435,32.33652565559817,34.315140446576116,93.82928078239632,81.8582340143621,40.19034353068345,166.4826883468777,182.4986566789448,241.68366149067876,64264.772867659245,60235.292090452276,14339.991366933524,86797.91281358339,97877.71043850802,108393.63382196984
120,3,480,480,0,277.32719401689246,1.7308075455837282,3544.6938533554753,46081.02009362118,11796480,983040,10,0.05,378,0.7875,1.3630109421471859,9879.585787718921,4559.0003948891535,11896.416899705902,30684.906799416087,40335.872054076695,48758.05768878664,26.894389173294943,26.743262323130487,3.7856913495501723,31.99199053363781,33.47127478571793,35.696511336985125,94.28028979828632,82.05117797479033,40.38548491612831,166.59468244761229,182.85156656056643,240.68948199972505,64932.40042545366,60848.67955208756,14797.717025507513,87604.95686440264,97874.80753377311,109797.71746193286
128,1,512,512,0,283.54975490109064,1.8056795717513443,3698.031762946753,48074.41291830779,12582912,1048576,10,0.05,402,0.78515625,1.4177406012578915,10495.783853372359,4923.696220503189,12641.860512064954,33008.94183856435,43235.04499493864,51473.91037173569,27.095922657375752,26.99995332022853,3.613998853869717,31.918773638290634,33.12927609976426,35.69978504400163,95.48683137129456,83.82009388878942,38.5768919266855,164.6404924802482,179.70492076128718,236.86969615519047,65961.13753302052,61803.72644448653,15085.76178985302,90862.65072063544,100378.13020513859,110597.69327498507
128,2,512,512,0,283.86989402002655,1.8036431857894704,3693.8612444968353,48020.19617845886,12582912,1048576,10,0.05,399,0.779296875,1.4055734983007786,10495.140646046366,4830.28027554974,12620.218260436652,32870.212515885956,43200.35795366856,51607.68369246506,27.061490267985363,26.789680801461206,3.6239401630199497,31.934308464403212,33.351968706119806,36.58482426094686,95.4855679583135,83.69330386631191,39.27367164269871,164.36560195870697,179.87619386985898,239.7244936320931,65890.0112246124,61808.2460698206,14774.599022110002,89051.15068666637,100770.07236144273,109945.66905322019
128,3,512,512,0,288.7959385779686,1.7728781177501605,3630.8543851523286,47201.10700698027,12582912,1048576,10,0.05,401,0.783203125,1.3885236820660438,10439.840157914205,4832.1510151727125,12655.980289526577,33015.29036834837,43257.25418874061,51580.67576352506,27.4875262891344,27.523868597937458,3.6012559310551557,32.14997526862884,33.303234358637766,36.62513280691057,96.03055635159039,83.8918739464134,39.41563270360301,165.4116234742105,180.10796823073179,238.95476210862398,66706.80647177232,62695.65823255107,15158.817268749168,90808.62534062471,101999.27462160122,111300.90860289054
