group,attempt,deployment_status,eligible,concurrency,round,status,completed,failed,events,output_throughput,request_throughput,duration,total_input_tokens,total_output_tokens,mean_ttft_ms,median_ttft_ms,p95_ttft_ms,p99_ttft_ms,mean_tpot_ms,p95_tpot_ms,mean_itl_ms,p95_itl_ms,mean_e2el_ms,p95_e2el_ms,good_requests,joint_pass_rate,request_goodput,remote_hits,d_prefill_computed,draft_tokens,accepted_tokens,acceptance_rate,nixl_bytes,mooncake_bytes
G1M,G1M-01,COMPLETE,True,128,1,COMPLETE,512,0,0,2629.7213735718788,2.568087278878788,199.37017102609389,8388608,524288,8764.438236002206,5027.351447031833,32090.216186130412,37630.78221893869,36.47559036497075,43.47096343199519,123.91386081003155,187.4554567155428,46078.96717936728,71574.2122561438,397,0.775390625,1.9912708002243726,8388608.0,0.0,773460.0,370463.0,0.47896853101647147,0,81751965696
G1M,G1M-01,COMPLETE,True,128,2,COMPLETE,512,0,0,2665.9156858353217,2.6034332869485564,196.66338391182944,8388608,524288,8924.098629703622,5178.21313906461,32073.69489236734,37578.52698962437,36.09726821558422,42.90652893088077,123.58974662134048,192.20995204523206,45851.60401424627,70524.53628015937,401,0.783203125,2.039017086067131,8388608.0,0.0,767465.0,371626.0,0.48422533926628575,0,81751965696
G1M,G1M-01,COMPLETE,True,128,3,COMPLETE,512,0,0,2634.239780112903,2.572499785266507,199.0281993150711,8388608,524288,8715.516221925554,4951.606492977589,32014.16393781546,37627.8399340203,36.73087027624394,43.94528854394582,124.8223796642772,193.77219141460955,46291.19651452311,71846.43295082496,401,0.783203125,2.014789870882557,8388608.0,0.0,773205.0,370456.0,0.47911743974754434,0,81751965696
G2,G2-02,COMPLETE,True,128,1,COMPLETE,512,0,0,3102.3011991772387,3.029591014821522,168.99970903503709,8388608,524288,10501.197649354253,7423.38039947208,31203.770803543735,36627.62760043843,28.079037125445954,34.31493223556941,94.9986819808422,228.06711592711508,39226.052628685466,60873.04387715412,391,0.763671875,2.313613450771905,8388608.0,0.0,776630.0,369856.0,0.47623192511234436,88261263360.0,
G2,G2-02,COMPLETE,True,128,2,COMPLETE,512,0,0,3070.2847653031477,2.998324966116355,170.76201071799733,8388608,524288,10222.387552847977,7115.988002624363,31288.25986542506,36813.00601122667,28.524652159849694,34.97766324679457,96.82716519798501,231.29609879106283,39403.10671237421,62888.769053190474,400,0.78125,2.3424413797784025,8388608.0,0.0,774065.0,370299.0,0.47838230639545776,88261263360.0,
G2,G2-02,COMPLETE,True,128,3,COMPLETE,512,0,0,3102.9963514992296,3.0302698745109664,168.96184868109412,8388608,524288,10038.055819137753,6981.042560073547,31237.760587991215,36773.865072866894,28.568708571156815,34.117697629684315,96.74723181500096,228.93833240959702,39263.84468743118,62718.26954557327,410,0.80078125,2.426583297948235,8388608.0,0.0,775895.0,369910.0,0.47675265338737843,88261263360.0,
G3M,G3M-01,COMPLETE,True,128,1,COMPLETE,512,0,0,3054.334311345469,2.9827483509233095,171.65377020207234,8388608,524288,9788.580351444125,6287.110010045581,32148.901715257663,37894.89763521356,29.833822254740372,35.49970909963359,101.3960086126577,190.92767592519522,40308.58051804353,63788.027673447505,402,0.78515625,2.3419235099046296,8388608.0,0.0,773115.0,370511.0,0.47924435562626516,0,81751965696
G3M,G3M-01,COMPLETE,True,128,2,COMPLETE,512,0,0,3073.1490382010443,3.0011221076182073,170.60285507887602,8388608,524288,10124.646263953764,6525.320464512333,32037.993995938443,37551.15755567793,28.92741307479849,35.06371517225741,98.71574544564584,183.92809247598052,39717.38983947261,61393.671320867725,399,0.779296875,2.338765079960283,8388608.0,0.0,769990.0,371129.0,0.48199197392173926,0,81751965696
G3M,G3M-01,COMPLETE,True,128,3,COMPLETE,512,0,0,3063.6892866659387,2.9918840690097057,171.12962541007437,8388608,524288,9990.688612601389,6370.311306440271,32078.955379931715,37646.492945272475,29.368498208170294,35.43985769685671,100.33143563254743,195.29253905639052,40034.6622795596,63541.94102274487,397,0.775390625,2.319878858196979,8388608.0,0.0,769145.0,371280.0,0.4827178230372687,0,81751965696
G4DP,G4DP-01,FAILED_WITH_EVIDENCE,False,32,1,COMPLETE,128,0,0,1594.353327438276,0.7784928356632207,164.42026713187806,3145728,262144,5389.044720421225,4013.3300714660436,13665.710591489911,15922.233591650147,15.915831880314594,20.00419510088603,55.53088258722448,55.47875910997391,37968.7525794252,46671.744295198,111,0.8671875,0.6750992559266992,3145728.0,0.0,376125.0,187188.0,0.49767497507477565,30275665920.0,
G4DP,G4DP-01,FAILED_WITH_EVIDENCE,False,32,2,COMPLETE,128,0,0,1657.5004297575192,0.8093263817175387,158.15621842001565,3145728,262144,5113.019587433882,3573.108799988404,13688.979410752654,16075.783436263446,15.662620252601643,18.475725057668633,55.6304350943262,54.787648119963706,37174.40324450945,47895.519869134296,111,0.8671875,0.701837721645678,3145728.0,0.0,369490.0,188538.0,0.5102655010961055,30275665920.0,
G4DP,G4DP-01,FAILED_WITH_EVIDENCE,False,32,3,COMPLETE,128,0,0,1616.4709520233732,0.7892924570426627,162.17056030104868,3145728,262144,5096.365691197207,3414.2396334791556,13863.93549296772,16063.64150261041,15.762804879598795,19.67624114444375,55.789641467062445,55.75837590731681,37362.82727973594,49235.484205873196,111,0.8671875,0.684464552591684,3145728.0,0.0,370790.0,188271.0,0.5077564119852207,30275665920.0,
G4DP,G4DP-02,COMPLETE,True,32,1,COMPLETE,128,0,0,1591.3265736281855,0.7770149285293875,164.73299971502274,3145728,262144,4993.188347600153,3319.808882428333,14030.738642427603,16828.221527808353,15.949338927136,20.049368025596024,56.13893160594551,56.51179809356109,37641.48513144755,48216.80987456347,111,0.8671875,0.6738176333340782,3145728.0,0.0,372840.0,187873.0,0.5038971140435575,30275665920.0,
G4DP,G4DP-02,COMPLETE,True,32,2,COMPLETE,128,0,0,1619.840235991393,0.7909376152301724,161.8332439060323,3145728,262144,5262.814084431739,3759.4599325675517,13863.775901542975,15992.656629150733,16.009437534476284,19.295664139580605,55.688401794554395,55.72723629884422,38034.13271750469,46667.54679059377,111,0.8671875,0.6858912132074151,3145728.0,0.0,377265.0,186968.0,0.4955879819225213,30275665920.0,
G4DP,G4DP-02,COMPLETE,True,32,3,COMPLETE,128,0,0,1611.0689319802443,0.7866547519434787,162.71432885108516,3145728,262144,5245.50955248742,3728.113040444441,13666.847617959138,15959.397485048976,15.989891992941596,19.966899128816156,55.703237749974804,55.91012458316981,37976.818462038864,47249.16119425325,111,0.8671875,0.6821771677009854,3145728.0,0.0,376705.0,187072.0,0.4966007884153383,30275665920.0,
G4DP,G4DP-02,COMPLETE,True,48,1,COMPLETE,192,0,0,2039.825611597862,0.9960085994130186,192.76941997604445,4718592,393216,6634.549281592626,4579.942725598812,18946.218623418827,23095.275878049433,18.57308802741309,22.75740567580094,64.48186446849363,184.043123666197,44653.66047370723,58681.23952375025,159,0.828125,0.8248196213889061,4718592.0,0.0,566985.0,280207.0,0.49420531407356455,45413498880.0,
G4DP,G4DP-02,COMPLETE,True,48,2,COMPLETE,192,0,0,2080.986404740397,1.016106642939647,188.95654440810904,4718592,393216,6047.333088414841,3655.295472824946,19268.18642448634,23106.479958170094,18.433844152979802,22.319012965381862,65.27211141527252,184.10222575766966,43781.41206956449,59977.13414779864,159,0.828125,0.8414633136843952,4718592.0,0.0,555940.0,282431.0,0.5080242472209231,45413498880.0,
G4DP,G4DP-02,COMPLETE,True,48,3,COMPLETE,192,0,0,2048.6900741175887,1.0003369502527288,191.93532734294422,4718592,393216,6264.333625465952,4159.808506025001,19264.13100940408,23119.170437648427,18.63468419566286,22.709182205988284,64.95909600122907,182.7989654848352,44409.53217398783,60012.8180400934,159,0.828125,0.828404036928041,4718592.0,0.0,564690.0,280661.0,0.497017832793214,45413498880.0,
G4DP,G4DP-02,COMPLETE,True,64,1,COMPLETE,256,0,0,2440.1809902610507,1.1914946241509037,214.8561939022038,6291456,524288,7499.113964270691,4509.284870466217,24887.453610775992,29634.404187905588,20.821334116594148,25.025735205675428,72.7830027307836,182.70053571322921,50120.384900938916,67404.72261601826,207,0.80859375,0.9634351062470197,6291456.0,0.0,750840.0,374657.0,0.49898380480528476,60551331840.0,
G4DP,G4DP-02,COMPLETE,True,64,2,COMPLETE,256,0,0,2416.6493598427724,1.1800045702357287,216.94831228395924,6291456,524288,7604.153598805169,4538.97237253841,25075.485345965717,29172.26907138247,20.924243959436073,25.830047227526205,73.26785134002199,182.51422262983397,50436.08098377081,69118.3283283026,206,0.8046875,0.949534927611563,6291456.0,0.0,749560.0,374919.0,0.5001854421260473,60551331840.0,
G4DP,G4DP-02,COMPLETE,True,64,3,COMPLETE,256,0,0,2433.273361740187,1.1881217586622006,215.4661322659813,6291456,524288,7205.572957806908,4261.202634079382,24361.385197436903,29121.427423937712,20.86933001889498,25.771904947351285,72.62426050686885,181.57281744061038,49925.09150648493,69528.29111379106,208,0.8125,0.9653489289130379,6291456.0,0.0,754210.0,373964.0,0.4958353774147784,60551331840.0,
G4DP,G4DP-02,COMPLETE,True,80,1,COMPLETE,320,0,0,2763.8647674955278,1.3495433435036757,237.11724528181367,7864320,655360,9194.073165236478,6158.903604489751,31555.887166480534,36613.80649861182,22.382346492810687,27.52386717987713,78.60672019696285,187.93491174001244,55010.73643601994,75987.32789021451,250,0.78125,1.0543307371122468,7864320.0,0.0,934175.0,469229.0,0.5022923970348168,75689164800.0,
G4DP,G4DP-02,COMPLETE,True,80,2,COMPLETE,320,0,0,2761.5402793741173,1.3484083395381432,237.31683542509563,7864320,655360,8955.142683993472,5434.055845020339,31497.143681894526,36270.11698707938,22.53765377790042,27.251011444643346,78.86294747568114,185.67797688301656,55089.71996735563,76323.24062838452,246,0.76875,1.0365889110199475,7864320.0,0.0,937595.0,468545.0,0.4997306939563458,75689164800.0,
G4DP,G4DP-02,COMPLETE,True,80,3,COMPLETE,320,0,0,2753.7831998310185,1.3446207030424895,237.98532870714553,7864320,655360,9172.628713889571,6089.339530444704,31466.69391843025,36681.0400386923,22.31661054577413,27.593761031596884,78.5877940398726,187.08375031128523,54854.730501089216,78325.44127382572,254,0.79375,1.067292683039976,7864320.0,0.0,935190.0,468994.0,0.501495952694105,75689164800.0,
G4PPM,G4PPM-01,COMPLETE,True,32,1,COMPLETE,128,0,0,1276.7331374399357,0.6234048522655936,205.32403547200374,3145728,262144,5438.738333143192,3353.052309481427,15455.409899225924,16550.00366745517,20.889825410617203,25.52765743140086,72.82519165727194,77.26098261773586,48200.21094867661,61517.243103531655,105,0.8203125,0.5113867928741198,3145728.0,0.0,376435.0,187177.0,0.4972359105821722,0,28648341504
G4PPM,G4PPM-01,COMPLETE,True,32,2,COMPLETE,128,0,0,1302.0925583616897,0.6357873820125438,201.32516564708203,3145728,262144,5598.21806765467,3087.7868024399504,15398.549038311465,16478.08271152899,20.314119476459073,24.226134635895235,72.46792850869446,76.99897084385155,47181.22063596638,57467.29511293815,105,0.8203125,0.5215443368071648,3145728.0,0.0,367880.0,188843.0,0.5133277155594216,0,28648341504
G4PPM,G4PPM-01,COMPLETE,True,32,3,COMPLETE,128,0,0,1265.4155313190681,0.6178786774018887,207.16040977207012,3145728,262144,5950.0882623615325,4206.265576416627,15434.800214832649,16586.586742815565,21.01488495895898,25.273726948301032,72.53064150918982,77.35526969190687,48967.55777335056,61455.316455010325,105,0.8203125,0.5068536025562369,3145728.0,0.0,380220.0,186353.0,0.4901188785440008,0,28648341504
G4PPM,G4PPM-01,COMPLETE,True,48,1,COMPLETE,192,0,0,1628.6487738384237,0.7952386591007928,241.43695455789566,4718592,393216,7038.034952027374,3836.7351515917107,21999.09199969843,23338.485579031985,23.944809638390133,29.124795517725634,83.5016369175521,149.82909874524918,56053.06028181197,70856.1712974566,152,0.7916666666666666,0.6295639384547943,4718592.0,0.0,564475.0,280744.0,0.4973541786615882,0,42972512256
G4PPM,G4PPM-01,COMPLETE,True,48,2,COMPLETE,192,0,0,1665.2699400330023,0.8131200879067394,236.12748332694173,4718592,393216,6789.192268603074,3996.839330648072,21957.920094404835,23272.834381901193,23.944298559495437,29.333289517167067,84.19084364213126,148.2328342273829,55803.17141989023,72633.74648534226,153,0.796875,0.647955070050683,4718592.0,0.0,559850.0,281680.0,0.5031347682414933,0,42972512256
G4PPM,G4PPM-01,COMPLETE,True,48,3,COMPLETE,192,0,0,1614.193581263257,0.7881804596011998,243.59903580602258,4718592,393216,6887.026618575571,4263.915952527896,21986.397422652226,23298.523757632356,24.177416038808147,29.722231470575508,84.29260077709031,134.127274318598,56378.19725001585,73576.61142708967,153,0.796875,0.628081303744706,4718592.0,0.0,564610.0,280680.0,0.4971219071571527,0,42972512256
G4PPM,G4PPM-01,COMPLETE,True,64,1,COMPLETE,256,0,0,1930.5755835436898,0.9426638591521923,271.5708229551092,6291456,524288,8094.400400501399,4516.305713914335,27571.408950025216,29933.700918836985,27.002165665250413,32.97928811734999,93.66890213087386,157.88920127088207,63367.83351726899,82633.83164943662,201,0.78515625,0.7401384206624635,6291456.0,0.0,756600.0,373452.0,0.49359238699444885,0,57296683008
G4PPM,G4PPM-01,COMPLETE,True,64,2,COMPLETE,256,0,0,1926.9481532177908,0.9408926529383744,272.0820480429102,6291456,524288,8078.222175624433,4425.099114421755,27642.248229822144,30092.573068744965,26.944081022415695,32.919739966450685,93.95627317234542,160.15691336942834,63232.75602850936,84008.06738674873,201,0.78515625,0.7387477470336455,6291456.0,0.0,752670.0,374280.0,0.4972697197975208,0,57296683008
G4PPM,G4PPM-01,COMPLETE,True,64,3,COMPLETE,256,0,0,1944.1520543810798,0.9492929953032616,269.6743800560944,6291456,524288,8039.629903893001,4348.305161460303,27560.472807090264,29924.74471762543,26.55090753418447,32.098233325415556,92.9352712474048,154.18488687137125,62389.337626368615,82557.50878126128,201,0.78515625,0.7453433283435765,6291456.0,0.0,749840.0,374882.0,0.49994932252213803,0,57296683008
G4PPM,G4PPM-01,COMPLETE,True,80,1,COMPLETE,320,0,0,2173.589676330441,1.061323084145723,301.51044934405945,7864320,655360,9415.242265217967,5872.488220455125,33717.59847622598,36662.36569888424,29.854176018635567,37.19340029947071,105.3907738318428,165.25579334702346,70526.74057536497,95982.48882177286,248,0.775,0.8225253902129355,7864320.0,0.0,929370.0,470141.0,0.5058706435542356,0,71620853760
G4PPM,G4PPM-01,COMPLETE,True,80,2,COMPLETE,320,0,0,2140.122582396465,1.044981729685774,306.22544960305095,7864320,655360,9332.74393301108,4922.621552017517,33603.04906920064,36651.66696384783,29.978086571007665,37.03858937685863,105.68410252369382,171.23442895244807,70697.88714386377,95290.76796744484,249,0.778125,0.8131264084117429,7864320.0,0.0,930635.0,469915.0,0.5049401752566796,0,71620853760
G4PPM,G4PPM-01,COMPLETE,True,80,3,COMPLETE,320,0,0,2140.8645211901317,1.045344004487369,306.1193239989225,7864320,655360,9429.875458191964,5297.947049490176,33608.540620910935,36583.36603980744,30.030744629160168,37.996713030397714,105.0516365134384,164.01491670403632,70902.80971408283,94945.43659072371,245,0.765625,0.8003415034356419,7864320.0,0.0,937870.0,468488.0,0.49952338810282876,0,71620853760
